OrderID,OrderDate,ProductID,CustomerID,SalesPersonID,Quantity,TotalSales,TotalCosts,Profit
91001,2019-01-05,23,25,8,40,360,311.04,48.96
91001,2019-01-05,26,25,8,24,805.2,725.27,79.93
91001,2019-01-05,36,25,8,20,159.8,138.07,21.73
91001,2019-01-05,37,25,8,28,109.2,94.35,14.85
91001,2019-01-05,72,25,8,25,300.75,259.85,40.9
91002,2019-02-03,5,65,2,12,80.35,57.85,22.5
91002,2019-02-03,7,65,2,15,574.5,496.37,78.13
91002,2019-02-03,56,65,2,2,69.1,59.7,9.4
91003,2019-02-17,31,91,8,30,273.3,236.13,37.17
91003,2019-02-17,58,91,8,15,773.55,668.3499,105.2001
91004,2019-03-03,10,46,2,30,234.36,168.7399,65.6201
91004,2019-03-03,26,46,2,16,471.04,406.9799,64.0601
91004,2019-03-03,60,46,2,8,46.66,35.32,11.34
91005,2019-03-05,35,63,8,100,606,523.58,82.42
91005,2019-03-05,62,63,8,40,1211.2,1046.48,164.72
91006,2019-03-06,16,67,2,40,408.4799,306.89,101.5899
91006,2019-03-06,34,67,2,20,153.4,132.54,20.86
91006,2019-03-06,46,67,2,15,210.97,168.07,42.9
91007,2019-03-21,11,46,2,12,319.44,276,43.44
91007,2019-03-21,16,46,2,30,280.8,242.61,38.19
91007,2019-03-21,69,46,2,15,28.35,24.4899,3.8601
91008,2019-04-13,29,33,3,10,1173,1013.47,159.53
91008,2019-04-13,72,33,3,4,50.56,43.68,6.88
91009,2019-04-26,44,5,2,16,1292.48,1116.7,175.78
91009,2019-04-26,59,5,2,15,128.55,115.22,13.33
91009,2019-04-26,63,5,2,8,168.16,145.29,22.87
91009,2019-04-26,73,5,2,25,26.75,23.11,3.64
91010,2019-05-11,13,61,2,20,506.66,397.96,108.7
91010,2019-05-11,44,61,2,24,2182.75,1714.45,468.3
91010,2019-05-11,51,61,2,2,234.43,184.1399,50.2901
91011,2019-05-19,2,37,2,40,701.6,606.1799,95.4201
91011,2019-05-19,36,37,2,40,367,253.67,113.33
91011,2019-05-19,59,37,2,30,343.13,237.17,105.96
91011,2019-05-19,62,37,2,15,420,362.88,57.12
91012,2019-05-23,66,49,6,30,596.7,515.76,80.94
91012,2019-05-23,68,49,6,20,225.4,194.75,30.65
91013,2019-06-22,10,80,1,15,103.8,89.6799,14.1201
91013,2019-06-22,13,80,1,10,274.5,237.17,37.33
91014,2019-07-09,17,1,8,20,524.8,453.4299,71.3701
91014,2019-07-09,30,1,8,15,381,329.18,51.82
91015,2019-07-12,4,51,1,10,213.2,184.2,29
91015,2019-07-12,17,51,1,70,1797.81,1479.34,318.47
91015,2019-07-12,62,51,1,28,857.08,740.52,116.56
91016,2019-07-16,4,89,2,35,727.3,628.39,98.91
91016,2019-07-16,8,89,2,70,1697.5,1222.6799,474.8201
91017,2019-07-21,25,21,2,10,132.1,114.13,17.97
91017,2019-07-21,39,21,2,50,3376.4,2536.7,839.7
91017,2019-07-21,40,21,2,4,68,58.75,9.25
91017,2019-07-21,75,21,2,6,53.48,40.18,13.3
91018,2019-07-26,38,42,1,20,1575.84,1296.6899,279.1501
91018,2019-07-26,41,42,1,13,135.46,117.04,18.42
91018,2019-07-26,44,42,1,77,5961.88,4905.7699,1056.1101
91018,2019-07-26,65,42,1,10,105.84,87.09,18.75
91019,2019-08-09,25,44,8,50,752,649.73,102.27
91019,2019-08-09,51,44,8,20,2195.8,1897.17,298.63
91019,2019-08-09,54,44,8,24,889.68,768.68,121
91020,2019-08-10,69,19,2,30,61.5,53.14,8.36
91020,2019-08-10,71,19,2,5,148.65,128.43,20.22
91021,2019-08-11,11,3,2,24,707.52,611.3,96.22
91022,2019-08-12,65,29,4,5,45.6,39.4,6.2
91022,2019-08-12,77,29,4,5,63.55,54.91,8.64
91023,2019-08-13,21,73,3,5,57.91,45.49,12.42
91023,2019-08-13,28,73,3,13,678.8199,533.1799,145.64
91023,2019-08-13,57,73,3,25,451.25,389.88,61.37
91023,2019-08-13,64,73,3,35,1245.09,977.96,267.13
91024,2019-08-15,29,75,1,20,2355.6,2035.24,320.36
91024,2019-08-15,56,75,1,18,886.95,613.0599,273.8901
91025,2019-08-15,36,41,4,6,55.94,40.28,15.66
91026,2019-08-18,14,23,6,15,323.85,279.81,44.04
91026,2019-08-18,54,23,6,10,329.5,284.69,44.81
91027,2019-08-19,15,39,3,5,30.6,26.44,4.16
91027,2019-08-19,25,39,3,4,57.36,49.56,7.8
91027,2019-08-19,39,39,3,4,244.84,211.54,33.3
91028,2019-08-21,28,32,1,20,947.14,711.59,235.55
91028,2019-08-21,39,32,1,20,1374.94,1033,341.94
91029,2019-08-23,2,19,3,25,576.6,415.15,161.45
91029,2019-08-23,11,19,3,50,1746,1257.1199,488.8801
91029,2019-08-23,30,19,3,35,1008.84,726.3599,282.4801
91029,2019-08-23,58,19,3,30,1582.92,1139.7,443.22
91030,2019-08-23,50,37,3,15,272.08,213.71,58.37
91030,2019-08-23,69,37,3,18,36.23,28.46,7.77
91031,2019-08-24,33,37,2,24,577.4399,498.91,78.5299
91032,2019-08-26,24,5,3,12,51,44.06,6.94
91032,2019-08-26,55,5,3,20,849.4,733.88,115.52
91032,2019-08-26,75,5,3,30,216.3,186.88,29.42
91033,2019-08-27,19,75,1,10,89.25,80.38,8.87
91033,2019-08-27,30,75,1,8,206.72,170.1,36.62
91033,2019-08-27,38,75,1,20,1624.56,1336.78,287.78
91033,2019-08-27,56,75,1,12,505.64,416.07,89.57
91034,2019-08-27,41,61,2,8,82.1,64.49,17.61
91034,2019-08-27,63,61,2,16,358.16,281.32,76.84
91034,2019-08-27,65,61,2,20,220,172.8,47.2
91035,2019-09-03,74,46,2,14,428.26,354.6,73.66
91036,2019-09-04,5,19,3,32,179.84,148.91,30.93
91036,2019-09-04,18,19,3,9,241.02,199.56,41.46
91036,2019-09-04,29,19,3,14,1811.32,1499.77,311.55
91036,2019-09-04,33,19,3,60,1649.4,1365.7,283.7
91036,2019-09-04,74,19,3,50,1360.5,1126.49,234.01
91037,2019-09-11,20,5,2,28,2422.2799,2015.97,406.3099
91037,2019-09-11,60,5,2,15,79.8,66.0699,13.7301
91038,2019-09-18,3,47,2,50,924,791.66,132.34
91039,2019-09-19,11,56,8,30,765.6,633.92,131.68
91039,2019-09-19,69,56,8,15,31.65,26.21,5.44
91039,2019-09-19,71,56,8,15,484.95,401.54,83.41
91040,2019-09-22,33,10,1,49,1272.04,1053.25,218.79
91040,2019-09-22,59,10,1,16,149.12,123.47,25.65
91041,2019-09-22,17,42,1,16,422.35,325.81,96.54
91041,2019-09-22,31,42,1,6,48.51,37.42,11.09
91041,2019-09-22,55,42,1,25,930.56,717.8599,212.7001
91042,2019-09-26,19,21,3,18,166.32,131.16,35.16
91042,2019-09-26,33,21,3,50,1290.5,1107.48,183.02
91043,2019-09-27,17,37,3,2,45.3399,37.54,7.7999
91043,2019-09-27,33,37,3,20,516.8,464.81,51.99
91044,2019-10-04,26,27,6,2,56.66,46.9099,9.7501
91045,2019-10-13,64,44,8,50,1697.5,1466.6399,230.8601
91045,2019-10-13,68,44,8,4,48.51,39.92,8.59
91045,2019-10-13,76,44,8,15,5862.3,5065.03,797.27
91046,2019-10-13,26,23,6,10,300.3999,248.73,51.6699
91046,2019-10-13,54,23,6,40,1364.8,1130.05,234.75
91047,2019-10-13,10,5,3,2,14.98,12.4,2.58
91047,2019-10-13,30,5,3,10,272.5,225.63,46.87
91047,2019-10-13,43,5,3,60,780,645.8399,134.1601
91047,2019-10-13,54,5,3,15,513.4499,425.14,88.3099
91048,2019-10-17,41,7,4,12,109.87,84.76,25.11
91048,2019-10-17,55,7,4,18,736.3399,568.04,168.2999
91049,2019-10-30,10,7,4,14,97.86,81.03,16.83
91049,2019-10-30,52,7,4,20,1759.6,1456.95,302.65
91049,2019-10-30,62,7,4,35,1044.4,892.94,151.46
91050,2019-11-11,17,32,1,50,1585.6299,1050.32,535.3099
91050,2019-11-11,40,32,1,50,1118.75,741.0599,377.6901
91050,2019-11-11,47,32,1,30,1012.13,670.4299,341.7001
91051,2019-11-16,2,16,2,10,200.5,166.01,34.49
91051,2019-11-16,22,16,2,12,45,37.26,7.74
91051,2019-11-16,72,16,2,10,126,104.33,21.67
91052,2019-11-18,11,15,2,10,257.3,217.89,39.41
91052,2019-11-18,46,15,2,5,59.25,49.06,10.19
91053,2019-11-18,24,49,6,28,128.8,116.14,12.66
91053,2019-11-18,25,49,6,12,161.52,146,15.52
91054,2019-11-22,2,37,3,45,1046.3899,753.4,292.9899
91054,2019-11-22,16,37,3,49,520.67,374.89,145.78
91054,2019-11-22,29,37,3,24,3564.54,2566.4699,998.0701
91054,2019-11-22,61,37,3,90,2685.82,1933.79,752.03
91055,2019-11-22,27,32,1,50,2212.5,1831.95,380.55
91056,2019-11-22,2,89,3,40,807.76,581.59,226.17
91056,2019-11-22,16,89,3,35,384.7899,277.05,107.7399
91056,2019-11-22,44,89,3,2,156.81,112.91,43.9
91057,2019-11-23,11,37,3,30,919.2,761.1,158.1
91057,2019-11-23,54,37,3,80,2913.6,2412.46,501.14
91057,2019-11-23,66,37,3,60,1168.8,967.77,201.03
91058,2019-11-23,18,37,3,30,755.7,654.3199,101.3801
91058,2019-11-23,23,37,3,15,133.65,110.66,22.99
91058,2019-11-23,64,37,3,8,291.12,241.05,50.07
91059,2019-11-23,7,11,2,30,1192.2,1023.52,168.68
91059,2019-11-23,56,11,2,20,796.4,659.42,136.98
91060,2019-11-24,11,73,9,6,192.31,132.7,59.61
91060,2019-11-24,28,73,9,12,522.24,432.41,89.83
91061,2019-11-24,24,23,6,80,351.96,281.69,70.27
91061,2019-11-24,51,23,6,18,1632.42,1351.6399,280.7801
91062,2019-11-25,33,38,3,12,319.08,264.2,54.88
91062,2019-11-25,71,38,3,12,391.44,324.11,67.33
91063,2019-11-26,19,82,1,12,122.23,92.01,30.22
91063,2019-11-26,24,82,1,20,92.6199,69.72,22.8999
91063,2019-11-26,31,82,1,3,27.29,20.54,6.75
91063,2019-11-26,52,82,1,15,1266.54,953.3599,313.1801
91064,2019-11-29,26,79,8,6,195.18,161.6099,33.5701
91064,2019-11-29,40,79,8,20,373,308.8399,64.1601
91065,2019-11-29,55,35,3,2,79.04,62.33,16.71
91065,2019-11-29,70,35,3,12,313.68,259.7299,53.9501
91066,2019-12-01,38,63,8,30,2492.1,2063.46,428.64
91066,2019-12-01,53,63,8,28,1833.16,1517.8599,315.3001
91066,2019-12-01,59,63,8,60,493.2,408.37,84.83
91066,2019-12-01,64,63,8,30,1044.9,865.18,179.72
91067,2019-12-02,47,23,6,30,780.3,646.09,134.21
91067,2019-12-02,59,23,6,12,97.6799,80.88,16.7999
91068,2019-12-03,19,61,2,4,42.04,30.27,11.77
91068,2019-12-03,26,61,2,30,955.8,791.4,164.4
91068,2019-12-03,53,61,2,15,964.27,694.28,269.99
91068,2019-12-03,77,61,2,10,138.35,104.83,33.52
91069,2019-12-03,40,23,6,10,175.9,152.05,23.85
91070,2019-12-08,19,62,2,5,48.4499,40.12,8.3299
91070,2019-12-08,26,62,2,30,1002,829.66,172.34
91070,2019-12-08,54,62,2,24,1008.3,667.9,340.4
91071,2019-12-09,59,25,8,30,264,218.59,45.41
91071,2019-12-09,73,25,8,20,29.04,20.04,9
91072,2019-12-13,44,28,4,15,1420.3699,1022.66,397.7099
91072,2019-12-13,77,28,4,7,114.31,82.3,32.01
91073,2019-12-14,25,44,8,60,868.14,684.59,183.55
91073,2019-12-14,42,44,8,20,290.22,254.23,35.99
91074,2019-12-15,56,60,4,28,1072.6799,888.18,184.4999
91075,2019-12-15,65,82,1,15,156.59,117.87,38.72
91075,2019-12-15,66,82,1,10,219.23,165.02,54.21
91075,2019-12-15,69,82,1,10,20.57,15.48,5.09
91076,2019-12-15,56,15,9,30,1061.1,878.59,182.51
91077,2019-12-21,14,54,3,12,294.9599,244.23,50.7299
91077,2019-12-21,21,54,3,12,131.52,108.9,22.62
91078,2019-12-22,17,32,1,40,1026,886.46,139.54
91078,2019-12-22,28,32,1,28,1198.6799,1035.6599,163.02
91078,2019-12-22,43,32,1,12,129.84,112.18,17.66
91079,2019-12-24,17,5,9,10,270,223.56,46.44
91079,2019-12-24,26,5,9,15,464.55,384.65,79.9
91079,2019-12-24,35,5,9,8,45.6,37.76,7.84
91079,2019-12-24,41,5,9,30,275.7,228.28,47.42
91080,2019-12-31,3,63,8,60,1146,928.26,217.74
91080,2019-12-31,26,63,8,40,1368.4,1108.4,260
91080,2019-12-31,38,63,8,30,2527.2,2047.03,480.17
91080,2019-12-31,68,63,8,35,456.4,369.68,86.72
91081,2020-01-01,16,32,1,10,85.3,73.7,11.6
91081,2020-01-01,62,32,1,5,160.95,139.06,21.89
91082,2020-01-01,28,71,9,15,736.3499,609.7,126.6499
91082,2020-01-01,44,71,9,100,8495.5499,6699.35,1796.1999
91083,2020-01-02,48,79,8,15,592.3499,445.88,146.4699
91083,2020-01-02,70,79,8,25,836.8299,629.9,206.9299
91084,2020-01-02,16,23,6,20,213.12,147.05,66.07
91084,2020-01-02,33,23,6,20,668.88,461.53,207.35
91084,2020-01-02,46,23,6,10,143.6399,99.11,44.5299
91085,2020-01-02,12,46,3,30,358.8,252.72,106.08
91085,2020-01-02,23,46,3,70,772.8,544.3199,228.4801
91086,2020-01-04,7,84,4,10,434.6,352.0299,82.5701
91086,2020-01-04,35,84,4,30,181.8,147.26,34.54
91086,2020-01-04,62,84,4,40,1180.4,956.12,224.28
91087,2020-01-05,26,49,6,30,1068.8,842.82,225.98
91087,2020-01-05,42,49,6,40,561.54,442.81,118.73
91087,2020-01-05,49,49,6,30,624.3299,492.33,131.9999
91088,2020-01-05,39,80,1,20,1297.8,1074.58,223.22
91088,2020-01-05,53,80,1,50,3115.5,2579.63,535.87
91088,2020-01-05,61,80,1,25,668.75,553.73,115.02
91088,2020-01-05,71,80,1,30,835.5,691.79,143.71
91089,2020-01-06,21,39,3,40,422.74,336,86.74
91089,2020-01-06,49,39,3,21,484.9299,349.15,135.7799
91090,2020-01-06,59,39,9,36,282.6,248.16,34.44
91091,2020-01-09,68,19,2,21,310.54,205.7,104.84
91091,2020-01-09,75,19,2,4,39.6,26.23,13.37
91092,2020-01-09,16,28,4,40,391.46,275.72,115.74
91092,2020-01-09,35,28,4,20,130.18,91.69,38.49
91092,2020-01-09,44,28,4,40,2739.6,2219.08,520.52
91093,2020-01-10,50,37,9,40,686,568.01,117.99
91093,2020-01-10,63,37,9,35,951.56,630.3199,321.2401
91094,2020-01-11,1,48,1,20,362.4,313.11,49.29
91095,2020-01-11,11,19,9,15,454.35,368.02,86.33
91095,2020-01-11,16,19,9,14,127.82,103.53,24.29
91095,2020-01-11,22,19,9,24,78.72,63.76,14.96
91095,2020-01-11,31,19,9,30,248.1,200.96,47.14
91095,2020-01-11,35,19,9,6,37.5,30.38,7.12
91096,2020-01-12,33,89,3,60,1726.2,1420.42,305.78
91096,2020-01-12,72,89,3,20,255.57,210.3,45.27
91097,2020-01-12,13,16,3,1,27.09,22.43,4.66
91097,2020-01-12,23,16,3,21,178.5,156.15,22.35
91098,2020-01-14,1,32,1,15,371.9099,292.9799,78.93
91098,2020-01-14,64,32,1,30,1020.6,881.8,138.8
91098,2020-01-14,74,32,1,20,750.72,564.02,186.7
91099,2020-01-14,23,20,4,60,544.2,450.6,93.6
91099,2020-01-14,63,20,4,65,1231.1,1019.35,211.75
91100,2020-01-18,11,32,1,3,88.11,72.9599,15.1501
91100,2020-01-18,33,32,1,8,261.41,180.37,81.04
91100,2020-01-18,72,32,1,9,95.94,79.44,16.5
91101,2020-01-19,12,51,1,15,153.3,126.93,26.37
91101,2020-01-19,16,51,1,16,159.68,132.22,27.46
91101,2020-01-19,64,51,1,6,210.12,173.98,36.14
91101,2020-01-19,74,51,1,30,985.5,815.99,169.51
91102,2020-01-19,24,35,3,14,68.6,56.8,11.8
91102,2020-01-19,40,35,3,5,90,74.52,15.48
91102,2020-01-19,42,35,3,30,453,375.08,77.92
91103,2020-01-21,6,39,3,6,22.2599,19.23,3.0299
91103,2020-01-21,13,39,3,12,277.08,239.4,37.68
91103,2020-01-21,14,39,3,9,190.26,164.38,25.88
91103,2020-01-21,31,39,3,4,31.2,26.96,4.24
91103,2020-01-21,72,39,3,40,438.4,378.7799,59.6201
91104,2020-01-26,31,68,6,30,240,194.4,45.6
91104,2020-01-26,51,68,6,6,552.8399,447.8,105.0399
91104,2020-01-26,58,68,6,20,1043.4,845.15,198.25
91104,2020-01-26,72,68,6,21,233.52,189.15,44.37
91104,2020-01-26,73,68,6,9,9.36,7.58,1.78
91105,2020-02-04,9,63,8,16,773.72,557.08,216.64
91105,2020-02-04,16,63,8,50,434,359.35,74.65
91105,2020-02-04,27,63,8,120,5004,4143.31,860.69
91105,2020-02-04,33,63,8,16,515.38,371.08,144.3
91105,2020-02-04,60,63,8,84,516.8099,372.1,144.7099
91106,2020-02-10,35,12,2,3,18.72,15.5,3.22
91106,2020-02-10,41,12,2,10,96.3,79.74,16.56
91106,2020-02-10,68,12,2,6,76.6799,63.49,13.1899
91107,2020-02-11,1,44,8,40,1038.24,716.39,321.85
91107,2020-02-11,8,44,8,24,502.32,415.9199,86.4001
91107,2020-02-11,30,44,8,20,621.12,428.57,192.55
91107,2020-02-11,40,44,8,25,547.5,377.77,169.73
91108,2020-02-13,29,19,9,21,2554.65,2115.25,439.4
91108,2020-02-13,35,19,9,35,203,168.08,34.92
91108,2020-02-13,49,19,9,30,646.5,563.2,83.3
91109,2020-02-13,31,37,9,60,624.24,421.36,202.88
91109,2020-02-13,51,37,9,3,324.06,262.4899,61.5701
91109,2020-02-13,59,37,9,40,386.88,261.88,125
91110,2020-02-14,20,65,3,6,529.5,457.4899,72.0101
91110,2020-02-14,31,65,3,40,312.3999,269.91,42.4899
91110,2020-02-14,72,65,3,24,282.24,263.4299,18.8101
91111,2020-02-14,14,23,6,30,772.5599,521.48,251.0799
91111,2020-02-14,19,23,6,35,357,240.97,116.03
91111,2020-02-14,24,23,6,18,88.56,59.78,28.78
91111,2020-02-14,51,23,6,20,2441.04,1647.7,793.34
91111,2020-02-14,56,23,6,40,1915.2,1292.76,622.44
91112,2020-02-15,72,73,3,24,281.2799,227.84,53.4399
91113,2020-02-17,24,19,3,25,110.25,91.29,18.96
91113,2020-02-17,29,19,3,18,2646.86,2087.2,559.66
91113,2020-02-17,40,19,3,20,387,320.44,66.56
91113,2020-02-17,45,19,3,30,339.57,255.6,83.97
91113,2020-02-17,50,19,3,25,378.25,313.19,65.06
91114,2020-02-20,28,46,9,20,872.8,772.15,100.65
91114,2020-02-20,49,46,9,25,476.5,394.54,81.96
91115,2020-02-22,45,58,8,21,210,173.88,36.12
91115,2020-02-22,53,58,8,6,400.9799,332.01,68.9699
91115,2020-02-22,67,58,8,30,1899.6,1572.8699,326.7301
91116,2020-02-23,14,37,3,70,1743.7,1443.78,299.92
91116,2020-02-23,65,37,3,20,197.4,181.1099,16.2901
91117,2020-02-23,2,89,9,12,246,203.69,42.31
91117,2020-02-23,21,89,9,12,129,106.81,22.19
91117,2020-02-23,53,89,9,10,623.2,516.01,107.19
91117,2020-02-23,61,89,9,25,650.5,538.61,111.89
91118,2020-02-25,14,87,8,20,560.78,422.11,138.67
91119,2020-02-26,62,51,1,3,94.08,77.9,16.18
91120,2020-02-27,25,39,9,18,292.45,220.13,72.32
91120,2020-02-27,70,39,9,14,473.55,356.45,117.1
91121,2020-02-28,13,56,8,10,240.9,199.47,41.43
91121,2020-02-28,39,56,8,10,640.2,530.09,110.11
91122,2020-03-06,31,32,1,60,595.98,448.61,147.37
91122,2020-03-06,35,32,1,40,288.64,217.27,71.37
91122,2020-03-06,46,32,1,45,487.35,403.5299,83.8201
91122,2020-03-06,72,32,1,24,288.82,217.4,71.42
91123,2020-03-06,31,31,2,14,107.66,89.14,18.52
91123,2020-03-06,59,31,2,20,178.4,147.72,30.68
91124,2020-03-10,14,59,4,35,851.55,706.9,144.65
91125,2020-03-20,30,39,9,8,188.4,156,32.4
91125,2020-03-20,43,39,9,15,173.85,143.95,29.9
91126,2020-03-31,21,13,3,10,101.4,87.61,13.79
91126,2020-03-31,37,13,3,1,4.37,3.78,0.59
91127,2020-03-31,4,82,1,50,1371.95,987.8,384.15
91127,2020-03-31,7,82,1,50,2442.6,1758.67,683.93
91127,2020-03-31,8,82,1,10,252.66,181.91,70.75
91128,2020-04-02,49,67,2,24,454.8,386.21,68.59
91128,2020-04-02,60,67,2,40,204.8,169.57,35.23
91129,2020-04-04,20,82,1,39,3433.17,2842.66,590.51
91129,2020-04-04,28,82,1,35,1618.05,1339.75,278.3
91129,2020-04-04,56,82,1,70,2674.7,2214.65,460.05
91129,2020-04-04,65,82,1,39,429,361.39,67.61
91129,2020-04-04,75,82,1,50,368.5,305.12,63.38
91130,2020-04-06,18,37,9,25,749.38,564.08,185.3
91130,2020-04-06,41,37,9,80,924,695.52,228.48
91130,2020-04-06,42,37,9,20,291.3999,261.39,30.0099
91131,2020-04-07,2,73,9,25,599.0599,410.2199,188.84
91131,2020-04-07,14,73,9,42,1146.08,759.16,386.92
91131,2020-04-07,25,73,9,7,126.18,83.58,42.6
91131,2020-04-07,26,73,9,70,2749.25,1866.97,882.28
91131,2020-04-07,31,73,9,32,257.6,213.29,44.31
91132,2020-04-07,24,80,1,5,21.65,17.93,3.72
91132,2020-04-07,38,80,1,15,1150.35,952.49,197.86
91132,2020-04-07,44,80,1,9,691.29,572.39,118.9
91133,2020-04-18,1,1,8,8,179.68,129.37,50.31
91133,2020-04-18,13,1,8,10,262.3999,217.27,45.1299
91133,2020-04-18,56,1,8,30,1438.31,1035.58,402.73
91134,2020-04-25,4,24,7,50,1061.03,818.51,242.52
91134,2020-04-25,72,24,7,24,264.72,214.42,50.3
91134,2020-04-25,73,24,7,24,25.7,19.8299,5.8701
91135,2020-04-29,13,63,8,8,199.12,161.29,37.83
91135,2020-04-29,21,63,8,15,163.65,132.56,31.09
91135,2020-04-29,33,63,8,15,414.6,335.83,78.77
91135,2020-04-29,49,63,8,6,125.4,102.26,23.14
91136,2020-05-02,45,37,3,15,156.6,108.05,48.55
91136,2020-05-02,52,37,3,20,1983.6,1368.6799,614.9201
91136,2020-05-02,53,37,3,40,2511.6,2079.6,432
91137,2020-05-03,1,63,8,45,1064.8799,766.71,298.1699
91137,2020-05-03,40,63,8,40,826.5599,595.12,231.4399
91137,2020-05-03,53,63,8,36,2633.47,1896.1,737.37
91138,2020-05-15,36,59,4,30,219.3,195.85,23.45
91138,2020-05-15,40,59,4,15,304.5899,229.27,75.3199
91139,2020-05-30,62,48,1,10,272.7,235.61,37.09
91139,2020-05-30,68,48,1,3,38.46,33.23,5.23
91140,2020-06-01,24,34,9,35,162.47,119.64,42.83
91140,2020-06-01,38,34,9,4,340.82,250.97,89.85
91140,2020-06-01,65,34,9,36,366.3,269.7299,96.5701
91140,2020-06-01,71,34,9,9,274.33,202.01,72.32
91141,2020-06-02,11,39,3,15,444.31,342.75,101.56
91141,2020-06-02,54,39,3,24,822.02,634.13,187.89
91142,2020-06-03,28,48,1,7,304.15,246.36,57.79
91142,2020-06-03,67,48,1,7,453.6,367.4199,86.1801
91143,2020-06-04,11,43,1,10,263.7,219.96,43.74
91144,2020-06-09,41,23,6,10,89.6,77.41,12.19
91144,2020-06-09,62,23,6,70,2053.1,1773.88,279.22
91145,2020-06-15,16,20,4,21,245.12,176.49,68.63
91145,2020-06-15,48,20,4,70,2562.32,1844.87,717.45
91146,2020-06-17,47,23,6,25,619,501.39,117.61
91146,2020-06-17,51,23,6,20,1828.6,1588.94,239.66
91146,2020-06-17,52,23,6,30,2554.2,2068.9,485.3
91146,2020-06-17,53,23,6,18,1013.94,821.29,192.65
91146,2020-06-17,73,23,6,3,2.9699,2.4099,0.56
91147,2020-06-19,30,25,8,20,512.4,415.04,97.36
91147,2020-06-19,62,25,8,15,585,379.08,205.92
91148,2020-06-27,19,32,1,40,341.2,282.51,58.69
91148,2020-06-27,65,32,1,35,366.8,303.7099,63.0901
91148,2020-06-27,71,32,1,2,57.08,47.26,9.82
91149,2020-07-05,10,84,5,20,183.36,127.5,55.86
91149,2020-07-05,54,84,5,6,253.58,174.97,78.61
91150,2020-07-07,52,37,9,6,512.9399,424.71,88.2299
91150,2020-07-07,59,37,9,4,33.2,27.49,5.71
91150,2020-07-07,70,37,9,6,186.54,154.46,32.08
91151,2020-07-12,69,35,3,18,34.56,27.99,6.57
91151,2020-07-12,75,35,3,30,214.8,173.99,40.81
91152,2020-07-13,35,71,3,30,163.5,146.39,17.11
91152,2020-07-13,55,71,3,120,4935.4799,3715.07,1220.4099
91153,2020-07-17,11,23,6,6,156.78,129.81,26.97
91153,2020-07-17,76,23,6,18,8931.84,6430.9299,2500.9101
91154,2020-07-23,33,32,1,20,579.04,426.38,152.66
91154,2020-07-23,62,32,1,10,320.32,235.87,84.45
91155,2020-07-24,36,19,9,25,202,163.62,38.38
91155,2020-07-24,52,19,9,70,5688.9,4608.01,1080.89
91156,2020-07-25,24,51,1,25,121.83,89.71,32.12
91156,2020-07-25,64,51,1,18,697.75,513.8,183.95
91157,2020-07-26,11,7,4,35,1054.55,742.77,311.78
91157,2020-07-26,18,7,4,18,545.65,384.33,161.32
91157,2020-07-26,76,7,4,10,3986.3,3228.9,757.4
91158,2020-07-27,11,3,9,50,1556.5,1146.1499,410.3501
91158,2020-07-27,40,3,9,10,213.4,157.1399,56.2601
91158,2020-07-27,57,3,9,5,112.09,82.54,29.55
91158,2020-07-27,59,3,9,15,126.39,93.0699,33.3201
91159,2020-07-27,10,29,4,5,32.4499,26.28,6.1699
91160,2020-08-01,10,84,4,20,138.6,109.3,29.3
91161,2020-08-07,55,41,4,10,450.5,298.41,152.09
91161,2020-08-07,76,41,4,20,9035.75,5985.28,3050.47
91162,2020-08-08,2,47,9,20,383.68,288.81,94.87
91162,2020-08-08,3,47,9,20,476.96,359.02,117.94
91162,2020-08-08,55,47,9,30,1161.93,874.62,287.31
91162,2020-08-08,70,47,9,60,1768.8,1331.42,437.38
91163,2020-08-11,21,46,9,40,493,326.56,166.44
91163,2020-08-11,30,46,9,28,955.15,632.69,322.46
91163,2020-08-11,55,46,9,60,2643,1750.72,892.28
91164,2020-08-17,11,35,9,5,141.9,117.49,24.41
91164,2020-08-17,51,35,9,25,2421.25,2004.8,416.45
91164,2020-08-17,74,35,9,16,439.84,364.19,75.65
91165,2020-08-17,44,79,8,10,688.9,558.01,130.89
91165,2020-08-17,51,79,8,50,5042.5,4084.43,958.07
91166,2020-08-19,37,23,6,10,39.2,32.46,6.74
91166,2020-08-19,54,23,6,6,204.54,169.36,35.18
91166,2020-08-19,62,23,6,35,1088.85,901.57,187.28
91167,2020-08-19,17,59,4,40,968,801.5,166.5
91167,2020-08-19,43,59,4,25,272.75,225.84,46.91
91167,2020-08-19,61,59,4,20,554.2,448.9,105.3
91167,2020-08-19,76,59,4,50,19557.5,15841.58,3715.92
91168,2020-08-23,30,82,1,18,469.26,388.55,80.71
91168,2020-08-23,56,82,1,70,2804.2,2556.2399,247.9601
91168,2020-08-23,65,82,1,20,181.2,150.03,31.17
91168,2020-08-23,71,82,1,60,1823.4,1509.78,313.62
91169,2020-08-23,30,44,7,10,263.1,213.11,49.99
91169,2020-08-23,40,44,7,10,221.76,149.69,72.07
91169,2020-08-23,54,44,7,10,443.4,299.3,144.1
91170,2020-08-25,1,41,5,24,504.24,417.51,86.73
91170,2020-08-25,62,41,5,40,1214.8,1005.85,208.95
91170,2020-08-25,76,41,5,14,5809.4399,4810.22,999.2199
91171,2020-08-25,31,19,3,35,374.7299,269.8,104.9299
91171,2020-08-25,66,19,3,60,1189.56,924.38,265.18
91171,2020-08-25,76,19,3,42,20042.09,14430.3,5611.79
91172,2020-08-27,19,32,1,20,187.6,155.45,32.15
91172,2020-08-27,53,32,1,10,553.2,458.05,95.15
91172,2020-08-27,57,32,1,20,374.8,310.33,64.47
91173,2020-08-29,23,42,1,10,83.3,68.97,14.33
91173,2020-08-29,41,42,1,20,204.4,169.2399,35.1601
91173,2020-08-29,77,42,1,5,65.6,54.32,11.28
91174,2020-08-29,10,37,9,16,126.84,100.02,26.82
91174,2020-08-29,56,37,9,40,1629.2,1348.98,280.22
91174,2020-08-29,60,37,9,10,53.66,42.3099,11.3501
91175,2020-08-30,55,63,7,120,5283.96,3977.38,1306.58
91175,2020-08-30,64,63,7,35,1383.6899,1041.54,342.1499
91175,2020-08-30,65,63,7,28,328.33,247.14,81.19
91175,2020-08-30,77,63,7,55,756.8599,569.71,187.1499
91176,2020-09-03,13,17,8,18,416.16,345.24,70.92
91177,2020-09-04,69,59,4,50,104.5,86.53,17.97
91178,2020-09-05,13,36,1,10,270.3999,223.89,46.5099
91178,2020-09-05,62,36,1,10,266.7,220.83,45.87
91179,2020-09-06,46,35,3,28,357.9,269.3999,88.5001
91179,2020-09-06,53,35,3,70,5109.72,3846.23,1263.49
91179,2020-09-06,69,35,3,8,14.96,12.39,2.57
91180,2020-09-22,24,19,2,15,77.97,56.14,21.83
91180,2020-09-22,55,19,2,21,984.35,708.73,275.62
91180,2020-09-22,74,19,2,21,617.4,511.21,106.19
91181,2020-09-22,24,59,4,35,206.6399,139.48,67.1599
91181,2020-09-22,57,59,4,20,363.6,294.52,69.08
91181,2020-09-22,65,59,4,12,136.51,102.27,34.24
91182,2020-09-24,39,5,9,6,351.4199,290.9799,60.44
91182,2020-09-24,54,5,9,15,529.8,445.45,84.35
91183,2020-09-27,31,44,8,35,358.26,265.7299,92.5301
91183,2020-09-27,76,44,8,30,11229.9,9096.2199,2133.6801
91184,2020-09-28,2,63,7,60,1164.6,964.29,200.31
91184,2020-09-28,47,63,7,55,1410.75,1168.1,242.65
91184,2020-09-28,61,63,7,16,388.8,321.9299,66.8701
91184,2020-09-28,74,63,7,15,463.65,383.9,79.75
91185,2020-09-29,31,86,7,30,276.6,238.98,37.62
91185,2020-09-29,55,86,7,12,487.8,421.46,66.34
91185,2020-09-29,69,86,7,20,41,35.42,5.58
91186,2020-10-01,10,19,9,16,101.28,83.86,17.42
91186,2020-10-01,55,19,9,15,562.3499,465.63,96.7199
91186,2020-10-01,62,19,9,20,633.6,524.62,108.98
91186,2020-10-01,70,19,9,30,838.8,694.53,144.27
91187,2020-10-01,60,44,7,60,289.17,228.03,61.14
91187,2020-10-01,69,44,7,20,39.27,32.65,6.62
91188,2020-10-04,12,37,9,100,960,777.6,182.4
91188,2020-10-04,33,37,9,30,756,612.3599,143.6401
91188,2020-10-04,41,37,9,120,1215.6,984.64,230.96
91188,2020-10-04,54,37,9,30,1074.3,870.18,204.12
91189,2020-10-09,26,32,1,20,577.4,499.84,77.56
91189,2020-10-09,52,32,1,60,4579.2,3709.15,870.05
91189,2020-10-09,70,32,1,40,1230,996.3,233.7
91190,2020-10-13,17,80,1,8,209.84,181.3,28.54
91190,2020-10-13,28,80,1,14,682.78,589.92,92.86
91190,2020-10-13,76,80,1,30,12119.1,10470.9,1648.2
91191,2020-10-18,14,5,9,16,348.32,282.14,66.18
91191,2020-10-18,28,5,9,20,998.8,809.03,189.77
91191,2020-10-18,52,5,9,25,2147.5,1739.47,408.03
91192,2020-11-15,46,7,5,5,64.25,53.2,11.05
91192,2020-11-15,56,7,5,40,1661.44,1250.6099,410.8301
91192,2020-11-15,64,7,5,30,1199.22,902.69,296.53
91192,2020-11-15,75,7,5,24,189.55,142.68,46.87
91193,2020-11-15,53,79,7,15,872.55,722.47,150.08
91194,2020-11-15,24,42,1,5,22.05,17.86,4.19
91194,2020-11-15,52,42,1,5,415.4,336.4699,78.9301
91195,2020-11-25,31,86,8,8,71.9,52.94,18.96
91195,2020-11-25,55,86,8,4,181.28,133.49,47.79
91195,2020-11-25,64,86,8,15,596.8,461.11,135.69
91196,2020-11-29,4,37,3,20,432.8,373.94,58.86
91196,2020-11-29,6,37,3,30,110.7,95.64,15.06
91196,2020-11-29,42,37,3,2,27.24,23.54,3.7
91196,2020-11-29,43,37,3,20,237.4,205.1099,32.2901
91196,2020-11-29,71,37,3,3,89.28,77.14,12.14
91197,2020-12-08,10,19,3,70,497,402.57,94.43
91197,2020-12-08,36,19,3,55,400.95,324.77,76.18
91197,2020-12-08,49,19,3,18,324,262.44,61.56
91197,2020-12-08,60,19,3,40,182.8,148.07,34.73
91197,2020-12-08,76,19,3,80,32075.2,25980.91,6094.29
91198,2020-12-10,17,44,7,45,1217.1599,839.84,377.3199
91198,2020-12-10,21,44,7,50,513,424.76,88.24
91198,2020-12-10,56,44,7,30,1087.5,900.45,187.05
91198,2020-12-10,59,44,7,70,719.04,496.14,222.9
91199,2020-12-11,68,79,7,60,794.4,693.51,100.89
91199,2020-12-11,71,79,7,30,829.8,687.07,142.73
91199,2020-12-11,76,79,7,35,13366.8499,11067.75,2299.0999
91199,2020-12-11,77,79,7,14,168.1399,139.22,28.9199
91200,2020-12-13,4,5,3,12,296.6,225.25,71.35
91200,2020-12-13,39,5,3,20,1397.8799,1029.35,368.5299
91200,2020-12-13,54,5,3,6,212.85,156.7399,56.1101
91201,2020-12-17,1,62,2,10,197.6,163.6099,33.9901
91201,2020-12-17,21,62,2,30,346.83,277.3,69.53
91201,2020-12-17,28,62,2,42,2187.11,1646.3,540.81
91201,2020-12-17,36,62,2,5,43.3399,32.62,10.7199
91201,2020-12-17,40,62,2,2,41.65,31.35,10.3
91202,2020-12-18,22,59,5,4,13.68,11.08,2.6
91202,2020-12-18,31,59,5,50,423,348.12,74.88
91202,2020-12-18,60,59,5,15,68.85,55.77,13.08
91202,2020-12-18,71,59,5,12,381.12,308.7099,72.4101
91203,2020-12-22,49,80,1,30,593.7,512.9599,80.7401
91203,2020-12-22,59,80,1,10,79.1,68.34,10.76
91203,2020-12-22,71,80,1,2,59.52,51.43,8.09
91204,2020-12-24,3,37,3,20,394,319.14,74.86
91204,2020-12-24,60,37,3,50,267.5,216.68,50.82
91204,2020-12-24,72,37,3,35,393.75,344.67,49.08
91205,2020-12-25,12,23,6,36,403.24,284.02,119.22
91205,2020-12-25,13,23,6,13,361.19,254.4,106.79
91205,2020-12-25,26,23,6,35,1284.3799,904.65,379.7299
91205,2020-12-25,62,23,6,80,2668,1879.2,788.8
91206,2020-12-31,14,1,8,5,125.18,88.1699,37.0101
91206,2020-12-31,45,1,8,40,405.7199,285.77,119.9499
91206,2020-12-31,59,1,8,25,260.19,183.26,76.93
91207,2021-01-01,2,37,9,7,163.88,118,45.88
91207,2021-01-01,31,37,9,25,254.4,183.1699,71.2301
91207,2021-01-01,32,37,9,6,134.2099,96.63,37.5799
91207,2021-01-01,51,37,9,48,6007.1,4325.11,1681.99
91208,2021-01-02,28,37,3,4,196.68,179.47,17.21
91208,2021-01-02,43,37,3,24,314.64,271.85,42.79
91208,2021-01-02,53,37,3,20,1264.6,1092.6099,171.9901
91208,2021-01-02,75,37,3,10,76.3,65.92,10.38
91209,2021-01-03,34,89,2,35,294,231.84,62.16
91209,2021-01-03,77,89,2,30,443.2,349.5,93.7
91210,2021-01-03,21,64,2,5,48.7,39.4499,9.2501
91210,2021-01-03,51,64,2,7,730.52,591.72,138.8
91210,2021-01-03,61,64,2,10,255.7,229.53,26.17
91211,2021-01-04,32,73,3,40,874.72,687.05,187.67
91211,2021-01-04,58,73,3,30,1451.01,1139.7,311.31
91211,2021-01-04,62,73,3,25,864.33,678.89,185.44
91212,2021-01-06,7,84,5,16,655.87,517.2,138.67
91212,2021-01-06,46,84,5,20,251.58,198.39,53.19
91212,2021-01-06,72,84,5,40,512.4,424.27,88.13
91213,2021-01-06,12,39,3,36,363.96,294.81,69.15
91213,2021-01-06,16,39,3,20,181.4,146.93,34.47
91213,2021-01-06,36,39,3,40,314,254.34,59.66
91213,2021-01-06,62,39,3,20,603.2,488.59,114.61
91214,2021-01-06,18,32,1,21,643.61,473.59,170.02
91214,2021-01-06,36,32,1,20,177.84,120.04,57.8
91214,2021-01-06,68,32,1,6,83.52,56.38,27.14
91214,2021-01-06,69,32,1,20,51.6,34.83,16.77
91215,2021-01-06,34,1,7,30,232.5,188.32,44.18
91215,2021-01-06,59,1,7,7,54.74,44.3399,10.4001
91215,2021-01-06,62,1,7,30,838.8,679.4299,159.3701
91215,2021-01-06,64,1,7,24,848.4,732.57,115.83
91216,2021-01-07,11,59,5,15,529.5,350.74,178.76
91216,2021-01-07,16,59,5,18,159.84,132.35,27.49
91217,2021-01-10,10,127,3,18,140.18,103.23,36.95
91217,2021-01-10,28,127,3,60,2856.48,2103.41,753.07
91217,2021-01-10,34,127,3,14,111.86,90.61,21.25
91218,2021-01-10,1,5,9,35,804.13,521.07,283.06
91219,2021-01-12,63,1,8,20,385,322.9899,62.0101
91220,2021-01-12,21,23,6,40,423.6,343.12,80.48
91220,2021-01-12,22,23,6,6,21.9599,17.79,4.1699
91220,2021-01-12,24,23,6,20,87.4,70.79,16.61
91221,2021-01-13,31,81,2,20,171.57,135.3,36.27
91222,2021-01-13,56,44,8,14,579.4599,479.79,99.6699
91222,2021-01-13,72,44,8,25,278,230.18,47.82
91222,2021-01-13,77,44,8,25,303,250.88,52.12
91223,2021-01-13,1,47,2,50,1026,831.0599,194.9401
91223,2021-01-13,21,47,2,30,284.7,230.61,54.09
91223,2021-01-13,50,47,2,40,660.4,534.92,125.48
91224,2021-01-15,31,62,2,20,173.04,133.49,39.55
91224,2021-01-15,40,62,2,24,490.14,378.11,112.03
91224,2021-01-15,70,62,2,40,1098.72,847.58,251.14
91225,2021-01-18,16,19,2,21,211.8,159.12,52.68
91225,2021-01-18,35,19,2,70,452.41,339.9,112.51
91225,2021-01-18,46,19,2,30,364.5,314.9299,49.5701
91225,2021-01-18,59,19,2,40,382.26,287.19,95.07
91225,2021-01-18,63,19,2,80,1894.28,1423.1799,471.1001
91226,2021-01-20,1,23,6,5,121.86,82.26,39.6
91226,2021-01-20,34,23,6,12,125.86,84.95,40.91
91226,2021-01-20,68,23,6,40,649.4399,438.37,211.0699
91226,2021-01-20,71,23,6,60,2067.84,1395.79,672.05
91227,2021-01-21,17,59,5,33,856.02,693.38,162.64
91227,2021-01-21,31,59,5,70,761.88,514.27,247.61
91227,2021-01-21,75,59,5,7,61.82,41.73,20.09
91228,2021-01-21,31,24,8,2,19.7,12.77,6.93
91228,2021-01-21,66,24,8,50,923,747.63,175.37
91229,2021-01-22,1,7,5,25,455.75,369.16,86.59
91230,2021-01-23,14,58,8,12,295.8,244.92,50.88
91230,2021-01-23,28,58,8,18,789.66,653.8399,135.8201
91230,2021-01-23,40,58,8,21,374.2199,309.85,64.3699
91230,2021-01-23,75,58,8,10,76.3,63.18,13.12
91231,2021-01-25,31,35,9,20,183,148.23,34.77
91231,2021-01-25,32,35,9,4,78.72,69.11,9.61
91232,2021-01-26,16,17,8,20,179.2,145.15,34.05
91232,2021-01-26,43,17,8,24,281.76,228.23,53.53
91232,2021-01-26,59,17,8,8,68.24,55.27,12.97
91233,2021-01-26,16,82,1,20,192,155.52,36.48
91233,2021-01-26,62,82,1,20,604.6,502.31,102.29
91234,2021-01-28,16,19,9,3,29.01,23.5,5.51
91234,2021-01-28,42,19,9,6,81.1799,65.76,15.4199
91234,2021-01-28,43,19,9,6,74.34,63.98,10.36
91235,2021-01-29,14,25,8,30,653.7,529.5,124.2
91235,2021-01-29,53,25,8,10,661.8,536.0599,125.7401
91235,2021-01-29,58,25,8,30,1337.7,1083.54,254.16
91236,2021-01-29,31,59,5,8,65.92,53.4,12.52
91236,2021-01-29,41,59,5,35,316.75,256.57,60.18
91236,2021-01-29,63,59,5,9,184.5,149.44,35.06
91236,2021-01-29,69,59,5,30,63.9,51.76,12.14
91237,2021-01-31,16,72,9,56,602.11,495.45,106.66
91237,2021-01-31,31,72,9,70,639.4499,526.1799,113.27
91237,2021-01-31,60,72,9,80,458.64,377.4,81.24
91238,2021-02-03,1,53,2,8,144.16,116.77,27.39
91238,2021-02-03,69,53,2,3,6.57,5.3199,1.2501
91239,2021-02-04,19,32,1,30,319.77,256.18,63.59
91239,2021-02-04,21,32,1,12,122.36,90.1,32.26
91239,2021-02-04,64,32,1,28,899.3599,728.48,170.8799
91240,2021-02-05,34,38,9,14,117.32,101.36,15.96
91240,2021-02-05,70,38,9,30,873.9,755.05,118.85
91241,2021-02-07,22,59,5,15,52.65,42.65,10
91241,2021-02-07,24,59,5,15,83.66,58.93,24.73
91242,2021-02-07,35,32,1,21,138.18,111.93,26.25
91242,2021-02-07,71,32,1,8,238.24,192.97,45.27
91243,2021-02-08,18,32,1,20,510.3,419.9,90.4
91243,2021-02-08,41,32,1,12,115.04,94.66,20.38
91243,2021-02-08,43,32,1,40,501.06,412.3,88.76
91244,2021-02-08,2,37,9,3,58.41,47.3099,11.1001
91244,2021-02-08,31,37,9,50,392.5,317.9299,74.5701
91244,2021-02-08,68,37,9,45,527.8499,432.47,95.3799
91244,2021-02-08,75,37,9,42,309.12,250.39,58.73
91245,2021-02-10,17,19,3,25,672.38,506.12,166.26
91245,2021-02-10,20,19,3,15,1385.01,1042.53,342.48
91245,2021-02-10,37,19,3,18,79.79,60.83,18.96
91245,2021-02-10,41,19,3,6,68.64,51.67,16.97
91246,2021-02-12,16,25,7,30,329.01,242.27,86.74
91246,2021-02-12,60,25,7,20,108.9,80.19,28.71
91247,2021-02-15,16,80,1,15,137.81,106.31,31.5
91247,2021-02-15,31,80,1,3,27.47,21.19,6.28
91247,2021-02-15,65,80,1,10,95.13,73.39,21.74
91248,2021-02-16,21,44,7,40,412.02,317.8399,94.1801
91248,2021-02-16,51,44,7,30,2959.7399,2283.23,676.5099
91249,2021-02-17,8,37,9,10,182,147.4199,34.5801
91249,2021-02-17,12,37,9,4,39.28,31.82,7.46
91249,2021-02-17,24,37,9,20,98.4,79.7,18.7
91250,2021-02-18,19,47,3,7,73.6699,47.74,25.9299
91250,2021-02-18,35,47,3,9,67.61,43.8099,23.8001
91250,2021-02-18,58,47,3,30,1641.75,1063.85,577.9
91250,2021-02-18,70,47,3,30,1040.6299,674.3299,366.3
91251,2021-02-19,15,41,5,12,81.02,63.89,17.13
91251,2021-02-19,28,41,5,8,394.13,310.8,83.33
91252,2021-02-22,16,74,4,3,25.9799,21.04,4.9399
91253,2021-02-23,28,89,3,5,252.66,170.55,82.11
91253,2021-02-23,35,89,3,35,252,170.1,81.9
91253,2021-02-23,45,89,3,40,447.84,302.2899,145.5501
91253,2021-02-23,56,89,3,14,665.9499,449.52,216.4299
91254,2021-02-24,59,28,5,9,75.51,65.24,10.27
91254,2021-02-24,65,28,5,40,414.4,358.04,56.36
91254,2021-02-24,68,28,5,10,121.3,104.8,16.5
91255,2021-02-27,28,6,7,3,149.76,134.13,15.63
91256,2021-02-27,11,51,1,15,484.79,373.9799,110.8101
91256,2021-02-27,56,51,1,60,2530.71,1952.26,578.45
91257,2021-02-27,14,20,4,11,278.17,195.93,82.24
91257,2021-02-27,42,20,4,28,435.9899,307.0899,128.9
91258,2021-02-27,16,26,7,10,101,81.81,19.19
91258,2021-02-27,62,26,7,10,273.5,221.54,51.96
91258,2021-02-27,65,26,7,12,121.92,98.76,23.16
91259,2021-02-27,31,12,9,1,8.19,6.63,1.56
91260,2021-02-28,16,5,3,12,131.7399,97.01,34.7299
91260,2021-02-28,32,5,3,10,223.96,164.92,59.04
91260,2021-02-28,40,5,3,50,971.5,786.91,184.59
91260,2021-02-28,75,5,3,15,137.28,101.09,36.19
91261,2021-02-28,4,49,6,10,263.01,193.6699,69.3401
91261,2021-02-28,5,49,6,15,95.53,70.35,25.18
91261,2021-02-28,22,49,6,40,129.2,104.6499,24.5501
91262,2021-02-28,18,63,8,24,659.04,533.8199,125.2201
91262,2021-02-28,44,63,8,16,1146.08,928.32,217.76
91262,2021-02-28,59,63,8,45,391.05,316.75,74.3
91262,2021-02-28,72,63,8,7,85.1199,68.95,16.1699
91263,2021-02-28,31,34,3,10,81.6,66.1,15.5
91263,2021-02-28,38,34,3,5,372.25,313.8,58.45
91264,2021-03-01,17,3,9,18,438.66,355.31,83.35
91264,2021-03-01,34,3,9,40,295.2,239.11,56.09
91264,2021-03-01,53,3,9,25,1640.25,1328.6,311.65
91265,2021-03-04,7,32,1,45,1629.45,1319.85,309.6
91265,2021-03-04,17,32,1,100,2436,1973.16,462.84
91265,2021-03-04,33,32,1,14,340.2,275.56,64.64
91265,2021-03-04,40,32,1,42,700.14,567.11,133.03
91265,2021-03-04,72,32,1,12,150.6,121.99,28.61
91266,2021-03-04,18,23,6,30,696,594.76,101.24
91266,2021-03-04,35,23,6,15,87.9,71.2,16.7
91266,2021-03-04,63,23,6,30,572.1,463.4,108.7
91266,2021-03-04,68,23,6,18,224.82,182.1,42.72
91267,2021-03-05,35,51,1,60,399.6,275.72,123.88
91267,2021-03-05,38,51,1,49,5068.56,3497.31,1571.25
91267,2021-03-05,68,51,1,30,450.72,324.65,126.07
91268,2021-03-05,32,17,7,24,492.38,346.81,145.57
91268,2021-03-05,36,17,7,60,514.8,416.9899,97.8101
91269,2021-03-05,1,80,1,10,219.4,177.7099,41.6901
91269,2021-03-05,31,80,1,20,165,143.58,21.42
91269,2021-03-05,44,80,1,21,1611.96,1305.6899,306.2701
91270,2021-03-05,39,82,1,10,627.2,508.03,119.17
91270,2021-03-05,75,82,1,20,167.2,135.43,31.77
91270,2021-03-05,77,82,1,18,215.1,177.89,37.21
91271,2021-03-06,1,18,6,3,55.5,44.9499,10.5501
91271,2021-03-06,10,18,6,10,65.7,53.22,12.48
91271,2021-03-06,21,18,6,6,64.14,51.9499,12.1901
91272,2021-03-06,16,42,1,50,533.13,345.46,187.67
91272,2021-03-06,31,42,1,20,195.25,126.52,68.73
91272,2021-03-06,42,42,1,40,693.5,449.39,244.11
91273,2021-03-06,26,37,3,12,402.2,296.17,106.03
91273,2021-03-06,30,37,3,30,708.3,573.72,134.58
91273,2021-03-06,50,37,3,20,330.44,243.32,87.12
91273,2021-03-06,73,37,3,15,15.6,12.6399,2.9601
91274,2021-03-06,16,63,7,65,668.2,541.24,126.96
91274,2021-03-06,17,63,7,35,1029.8799,667.3599,362.52
91275,2021-03-07,15,45,1,10,70.9,57.43,13.47
91275,2021-03-07,75,45,1,21,165.2699,133.87,31.3999
91276,2021-03-08,14,56,7,15,363.35,280.3,83.05
91276,2021-03-08,41,56,7,9,92.04,72.9,19.14
91276,2021-03-08,65,56,7,30,292.32,241.3,51.02
91277,2021-03-08,75,21,3,50,467.4,315.5,151.9
91278,2021-03-12,29,87,7,10,1157.6,937.66,219.94
91278,2021-03-12,60,87,7,24,141.31,99.53,41.78
91278,2021-03-12,69,87,7,10,22.2,15.63,6.57
91279,2021-03-12,31,7,5,50,480.38,373.34,107.04
91280,2021-03-13,25,50,4,12,192,129.19,62.81
91280,2021-03-13,27,50,4,40,1592,1375.6099,216.3901
91280,2021-03-13,43,50,4,30,464.25,300.83,163.42
91281,2021-03-14,26,61,3,6,199.7399,161.79,37.9499
91281,2021-03-14,35,61,3,20,128.4,104,24.4
91281,2021-03-14,77,61,3,20,246.4,200.02,46.38
91282,2021-03-15,18,63,7,40,1262.4,852.12,410.28
91282,2021-03-15,42,63,7,100,1669.2,1126.71,542.49
91283,2021-03-15,1,63,7,30,639,517.59,121.41
91283,2021-03-15,29,63,7,40,4824.8,3908.09,916.71
91283,2021-03-15,43,63,7,40,457.6,370.66,86.94
91283,2021-03-15,44,63,7,24,1781.04,1442.6399,338.4001
91283,2021-03-15,62,63,7,48,1326.24,1074.25,251.99
91284,2021-03-16,4,44,7,16,429.89,296.62,133.27
91284,2021-03-16,43,44,7,3,33.54,27.77,5.77
91284,2021-03-16,56,44,7,30,1417.32,977.95,439.37
91284,2021-03-16,60,44,7,20,103.6,85.78,17.82
91285,2021-03-16,35,32,1,4,24.32,19.7,4.62
91286,2021-03-17,14,79,7,9,205.2,169.91,35.29
91286,2021-03-17,51,79,7,40,4048,3642.67,405.33
91287,2021-03-17,2,56,8,40,788,677.6,110.4
91287,2021-03-17,7,56,8,35,1318.8,1068.23,250.57
91287,2021-03-17,68,56,8,40,464.4,376.16,88.24
91288,2021-03-19,1,51,1,20,403.6,326.9199,76.6801
91288,2021-03-19,77,51,1,60,885.78,683.3199,202.4601
91289,2021-03-19,14,25,7,21,508.41,449.92,58.49
91289,2021-03-19,19,25,7,15,154.28,113.6,40.68
91289,2021-03-19,21,25,7,25,276.38,203.51,72.87
91289,2021-03-19,24,25,7,3,13.11,10.6199,2.4901
91289,2021-03-19,35,25,7,30,202.29,148.96,53.33
91290,2021-03-21,31,51,1,42,341.33,280.87,60.46
91291,2021-03-22,35,79,7,30,219.75,142.4,77.35
91291,2021-03-22,61,79,7,120,3897,2525.2599,1371.7401
91291,2021-03-22,69,79,7,65,146.25,94.77,51.48
91292,2021-03-23,56,89,3,5,215.46,145.44,70.02
91292,2021-03-23,63,89,3,24,543.17,400.71,142.46
91292,2021-03-23,75,89,3,30,268.9199,181.52,87.3999
91293,2021-03-26,27,32,1,50,2074.5,1680.35,394.15
91293,2021-03-26,71,32,1,9,255.96,207.33,48.63
91294,2021-03-27,53,19,3,15,907.95,751.78,156.17
91294,2021-03-27,77,19,3,12,162,134.1399,27.8601
91295,2021-03-27,62,11,9,10,305.1,247.13,57.97
91296,2021-03-28,27,35,9,25,1077.25,891.96,185.29
91296,2021-03-28,39,35,9,6,329.04,272.7099,56.3301
91296,2021-03-28,77,35,9,15,192.6,159.47,33.13
91297,2021-03-28,13,35,3,60,1422,1151.82,270.18
91297,2021-03-28,59,35,3,35,303.1,245.51,57.59
91298,2021-03-29,77,82,1,5,81.81,53.01,28.8
91299,2021-03-30,29,1,7,36,4764.24,3944.79,819.45
91299,2021-03-30,75,1,7,36,312.44,235.19,77.25
91300,2021-03-30,22,17,8,48,159.84,129.47,30.37
91300,2021-03-30,49,17,8,25,507.41,391.4299,115.9801
91301,2021-03-30,36,49,6,30,238.2,192.94,45.26
91301,2021-03-30,39,49,6,2,141.04,99.34,41.7
91301,2021-03-30,72,49,6,30,387.44,272.89,114.55
91302,2021-04-02,52,84,5,8,582.08,502.92,79.16
91302,2021-04-02,68,84,5,10,127.4,116.79,10.61
91303,2021-04-02,16,51,1,30,297.9899,229.88,68.1099
91303,2021-04-02,59,51,1,20,166.95,128.79,38.16
91303,2021-04-02,60,51,1,70,399.84,308.45,91.39
91303,2021-04-02,71,51,1,15,508.57,392.32,116.25
91304,2021-04-04,56,79,8,28,1155.28,935.78,219.5
91305,2021-04-04,2,91,8,10,191.7,155.28,36.42
91305,2021-04-04,54,91,8,3,113.7,92.1,21.6
91305,2021-04-04,68,91,8,15,189.9,153.82,36.08
91306,2021-04-05,2,17,7,35,719.25,621.4299,97.8201
91306,2021-04-05,41,17,7,25,274.56,211.52,63.04
91307,2021-04-06,17,7,5,30,717,619.49,97.51
91307,2021-04-06,70,7,5,20,556.2,486.5,69.7
91308,2021-04-06,36,41,4,21,198.97,128.94,70.03
91309,2021-04-06,1,91,8,6,118.5,95.98,22.52
91309,2021-04-06,2,91,8,10,205.5,166.46,39.04
91309,2021-04-06,60,91,8,15,79.2,64.1499,15.0501
91310,2021-04-10,13,35,9,8,241.12,177.55,63.57
91310,2021-04-10,75,35,9,40,340.8,276.05,64.75
91311,2021-04-10,11,19,3,14,365.54,296.0899,69.4501
91311,2021-04-10,21,19,3,8,87.36,70.76,16.6
91311,2021-04-10,39,19,3,5,298.05,241.42,56.63
91312,2021-04-12,38,32,1,15,1191.8,964.34,227.46
91312,2021-04-12,56,32,1,14,561.54,454.85,106.69
91312,2021-04-12,70,32,1,15,416.4299,321.25,95.1799
91312,2021-04-12,71,32,1,15,477.07,368.02,109.05
91313,2021-04-12,59,32,1,30,301.88,212.63,89.25
91314,2021-04-16,21,51,1,42,383.88,310.94,72.94
91314,2021-04-16,22,51,1,40,130.8,105.95,24.85
91315,2021-04-17,19,1,8,5,49.4499,40.05,9.3999
91315,2021-04-17,23,1,8,10,96.4,78.08,18.32
91315,2021-04-17,70,1,8,20,546.8,442.91,103.89
91315,2021-04-17,71,1,8,15,487.05,394.51,92.54
91316,2021-04-18,2,80,1,20,355.2,287.7099,67.4901
91316,2021-04-18,68,80,1,18,279.2899,208.86,70.4299
91317,2021-04-19,24,73,9,12,51.9099,46.05,5.8599
91317,2021-04-19,59,73,9,6,56.2,46.24,9.96
91318,2021-04-23,53,5,9,12,761.28,616.64,144.64
91318,2021-04-23,60,5,9,20,99,80.19,18.81
91318,2021-04-23,71,5,9,20,663.2,537.19,126.01
91319,2021-04-23,62,1,7,15,460.8,373.25,87.55
91319,2021-04-23,73,1,7,35,47.49,33.92,13.57
91320,2021-04-24,29,30,4,20,2389.8,1935.74,454.06
91320,2021-04-24,64,30,4,9,274.05,221.98,52.07
91321,2021-04-25,17,44,7,15,506.63,372.12,134.51
91322,2021-04-26,19,69,4,1,9.9,8.55,1.35
91322,2021-04-26,24,69,4,6,25.0799,21.67,3.4099
91322,2021-04-26,35,69,4,4,25.4799,22.4399,3.04
91323,2021-04-26,75,44,8,8,61.86,45.55,16.31
91324,2021-04-26,2,86,7,30,607.01,468.26,138.75
91324,2021-04-26,33,86,7,20,522.48,403.06,119.42
91325,2021-04-27,30,69,5,6,158.28,136.75,21.53
91325,2021-04-27,57,69,5,2,42.04,36.32,5.72
91326,2021-04-27,7,23,6,35,1290.45,1045.26,245.19
91326,2021-04-27,18,23,6,50,1381.5,1119.02,262.48
91326,2021-04-27,51,23,6,15,1514.85,1227.03,287.82
91326,2021-04-27,75,23,6,2,15.08,12.2099,2.8701
91327,2021-05-01,27,44,7,15,806.8099,557.67,249.1399
91327,2021-05-01,44,44,7,21,1435.77,1240.51,195.26
91327,2021-05-01,60,44,7,20,118.25,81.73,36.52
91327,2021-05-01,67,44,7,5,400.44,276.7799,123.6601
91328,2021-05-01,4,79,7,25,515.75,417.76,97.99
91328,2021-05-01,58,79,7,6,285.7799,231.48,54.2999
91329,2021-05-01,11,62,3,10,267.7,216.84,50.86
91329,2021-05-01,50,62,3,25,416.06,320.9599,95.1001
91329,2021-05-01,56,62,3,60,2314.62,1785.56,529.06
91330,2021-05-02,45,47,2,20,177.2,143.53,33.67
91330,2021-05-02,65,47,2,21,212.94,172.48,40.46
91330,2021-05-02,72,47,2,60,646.2,523.42,122.78
91331,2021-05-02,18,70,3,8,193.36,156.62,36.74
91332,2021-05-03,69,86,8,20,46,29.81,16.19
91332,2021-05-03,70,86,8,15,516,334.37,181.63
91333,2021-05-04,2,35,9,50,929,752.49,176.51
91333,2021-05-04,40,35,9,60,1187.4,961.79,225.61
91334,2021-05-04,21,73,3,30,381.24,257.3399,123.9001
91334,2021-05-04,61,73,3,20,643.92,434.65,209.27
91335,2021-05-05,54,66,6,10,369.82,290.4799,79.3401
91335,2021-05-05,68,66,6,3,38.8099,30.4799,8.33
91336,2021-05-07,18,32,1,4,114.22,84.11,30.11
91336,2021-05-07,43,32,1,20,262,212.22,49.78
91336,2021-05-07,46,32,1,21,300.3,221.13,79.17
91337,2021-05-08,3,1,8,30,616.2,532.4,83.8
91337,2021-05-08,64,1,8,9,320.3999,276.83,43.5699
91338,2021-05-08,18,34,9,20,525.2,425.41,99.79
91338,2021-05-08,36,34,9,15,118.95,96.35,22.6
91339,2021-05-09,19,61,3,30,271.2,219.67,51.53
91339,2021-05-09,39,61,3,20,1264,1023.84,240.16
91340,2021-05-10,20,81,2,20,1681.4,1452.73,228.67
91341,2021-05-10,28,50,5,20,948.6,768.37,180.23
91341,2021-05-10,72,50,5,15,182.85,148.1099,34.7401
91342,2021-05-11,24,37,3,8,37.44,31,6.44
91342,2021-05-11,53,37,3,5,284.5,235.57,48.93
91343,2021-05-14,6,51,1,70,270.8999,219.43,51.4699
91343,2021-05-14,56,51,1,20,832,673.92,158.08
91343,2021-05-14,68,51,1,15,184.95,149.81,35.14
91344,2021-05-14,19,37,9,12,137.25,94.83,42.42
91344,2021-05-14,22,37,9,20,88.75,57.51,31.24
91345,2021-05-16,41,23,6,20,251.28,169.6099,81.6701
91346,2021-05-16,15,32,1,50,313.5,253.94,59.56
91346,2021-05-16,41,32,1,24,245.04,198.48,46.56
91346,2021-05-16,46,32,1,45,584.1,473.12,110.98
91346,2021-05-16,47,32,1,10,253.2,205.09,48.11
91346,2021-05-16,56,32,1,45,1809.45,1465.6499,343.8001
91346,2021-05-16,60,32,1,30,144.6,117.13,27.47
91347,2021-05-18,19,67,3,15,137.55,118.84,18.71
91347,2021-05-18,70,67,3,20,581.6,502.5,79.1
91348,2021-05-20,20,19,9,21,1817.55,1472.22,345.33
91349,2021-05-21,40,37,9,10,183.3,158.37,24.93
91349,2021-05-21,56,37,9,20,783.4,676.8599,106.5401
91350,2021-05-21,39,37,3,3,236.27,159.48,76.79
91350,2021-05-21,58,37,3,49,3075.2399,2075.79,999.4499
91351,2021-05-21,68,48,1,10,129.1,104.5699,24.5301
91352,2021-05-23,51,48,1,20,1880.6,1523.29,357.31
91352,2021-05-23,59,48,1,1,8.03,6.5,1.53
91352,2021-05-23,76,48,1,10,3610.5,2924.51,685.99
91353,2021-05-24,29,68,6,36,4708.8,3814.13,894.67
91353,2021-05-24,65,68,6,10,110.4,89.42,20.98
91354,2021-05-24,69,20,5,45,116.64,78.73,37.91
91354,2021-05-24,71,20,5,14,522.65,352.7899,169.8601
91355,2021-05-25,55,39,3,12,444.53,354.66,89.87
91355,2021-05-25,76,39,3,35,14078.05,11403.22,2674.83
91356,2021-05-27,36,73,3,30,241.8,195.86,45.94
91357,2021-05-28,23,25,7,32,274.88,222.65,52.23
91357,2021-05-28,46,25,7,60,745.8,667.4499,78.3501
91357,2021-05-28,67,25,7,25,1468.25,1189.28,278.97
91357,2021-05-28,73,25,7,50,56.5,45.77,10.73
91357,2021-05-28,75,25,7,25,184.5,149.44,35.06
91358,2021-05-29,38,5,3,15,1367.85,1094.8,273.05
91358,2021-05-29,71,5,3,12,389.64,315.61,74.03
91359,2021-05-30,69,2,2,1,2.12,1.83,0.29
91359,2021-05-30,70,2,2,5,147.75,127.66,20.09
91360,2021-05-30,23,63,7,5,48.55,39.33,9.22
91361,2021-06-03,26,3,9,30,1158.51,815.99,342.52
91361,2021-06-03,33,3,9,8,243.89,171.78,72.11
91362,2021-06-04,59,7,5,12,102.1199,82.72,19.3999
91363,2021-06-05,36,63,7,12,101.64,87.8199,13.8201
91364,2021-06-06,33,3,3,30,764.1,618.92,145.18
91364,2021-06-06,66,3,3,4,74.16,60.07,14.09
91364,2021-06-06,75,3,3,30,247.5,200.47,47.03
91365,2021-06-07,52,18,6,9,688.41,557.61,130.8
91366,2021-06-07,40,56,7,20,364.8,295.4899,69.3101
91366,2021-06-07,47,56,7,40,1051.6,851.8,199.8
91366,2021-06-07,60,56,7,30,164.7,133.41,31.29
91367,2021-06-08,57,73,3,4,70.64,57.22,13.42
91367,2021-06-08,76,73,3,14,5523.28,4473.86,1049.42
91368,2021-06-10,30,21,3,30,825.3,668.49,156.81
91368,2021-06-10,53,21,3,25,1635.3799,1261.58,373.7999
91368,2021-06-10,54,21,3,30,1060.5,859.01,201.49
91369,2021-06-11,17,59,5,30,813.6,549.1799,264.4201
91369,2021-06-11,26,59,5,15,443.25,359.0299,84.2201
91370,2021-06-11,9,37,3,50,2573.13,1667.3899,905.7401
91370,2021-06-11,29,37,3,10,1321.2,1070.1699,251.0301
91370,2021-06-11,36,37,3,6,58.05,37.62,20.43
91371,2021-06-13,56,34,9,20,1026.25,665.01,361.24
91371,2021-06-13,77,34,9,30,502.5,325.62,176.88
91372,2021-06-14,71,87,8,30,942.6,814.41,128.19
91373,2021-06-17,10,63,7,24,173.38,142.66,30.72
91373,2021-06-17,31,63,7,15,140.96,115.99,24.97
91373,2021-06-17,33,63,7,20,509,439.78,69.22
91373,2021-06-17,40,63,7,60,1219.05,1003.1,215.95
91373,2021-06-17,76,63,7,33,14281.34,11751.51,2529.83
91374,2021-06-18,19,79,7,15,171.36,118.24,53.12
91374,2021-06-18,34,79,7,20,179.52,123.87,55.65
91374,2021-06-18,57,79,7,15,365.4,252.13,113.27
91375,2021-06-18,9,89,2,6,211.8,182.43,29.37
91375,2021-06-18,54,89,2,60,2555.7599,1800.14,755.6199
91375,2021-06-18,69,89,2,30,74.86,52.73,22.13
91375,2021-06-18,73,89,2,15,20.36,14.34,6.02
91376,2021-06-18,7,63,7,90,3359.7,2721.36,638.34
91376,2021-06-18,59,63,7,25,202.5,164.03,38.47
91376,2021-06-18,70,63,7,50,1350.5,1093.91,256.59
91377,2021-06-19,3,127,3,14,272.72,220.9,51.82
91377,2021-06-19,7,127,3,10,385.6,312.3399,73.2601
91377,2021-06-19,54,127,3,50,1851,1499.31,351.69
91378,2021-06-20,17,89,3,20,509.6,412.7799,96.8201
91378,2021-06-20,46,89,3,18,216.36,175.25,41.11
91379,2021-06-21,11,80,1,15,392.55,348.32,44.23
91379,2021-06-21,17,80,1,8,201.35,155.33,46.02
91379,2021-06-21,29,80,1,12,1570.84,1211.79,359.05
91379,2021-06-21,65,80,1,65,687.9599,530.71,157.2499
91379,2021-06-21,70,80,1,8,250.91,193.56,57.35
91380,2021-06-21,47,52,7,12,286.56,232.11,54.45
91381,2021-06-22,4,8,5,24,476.16,411.4,64.76
91381,2021-06-22,57,8,5,16,287.04,248,39.04
91381,2021-06-22,75,8,5,50,406,350.7799,55.2201
91382,2021-06-22,10,79,8,24,189.06,133.16,55.9
91382,2021-06-22,56,79,8,12,573.53,403.96,169.57
91382,2021-06-22,65,79,8,15,171.6399,120.89,50.7499
91383,2021-06-25,59,37,9,42,420.69,296.31,124.38
91383,2021-06-25,71,37,9,20,739.68,520.99,218.69
91383,2021-06-25,76,37,9,35,14456.19,10182.19,4274
91384,2021-06-26,2,24,8,5,92.8,75.1699,17.6301
91384,2021-06-26,59,24,8,35,310.8,251.75,59.05
91384,2021-06-26,73,24,8,35,38.15,30.9,7.25
91385,2021-06-26,4,62,2,6,144.84,117.32,27.52
91385,2021-06-26,24,62,2,35,160.3,129.84,30.46
91385,2021-06-26,48,62,2,24,712.08,576.78,135.3
91386,2021-06-28,54,9,5,15,569.5499,492.09,77.4599
91387,2021-06-28,55,80,1,21,878.01,711.19,166.82
91387,2021-06-28,57,80,1,40,764.4,619.16,145.24
91387,2021-06-28,70,80,1,28,953.76,671.78,281.98
91388,2021-06-29,8,31,3,40,813.2,658.69,154.51
91388,2021-06-29,51,31,3,28,2561.44,2074.77,486.67
91388,2021-06-29,60,31,3,10,49.1,39.77,9.33
91389,2021-07-02,59,44,7,12,112.08,90.78,21.3
91389,2021-07-02,63,44,7,6,118.26,95.79,22.47
91389,2021-07-02,72,44,7,30,335.1,271.4299,63.6701
91389,2021-07-02,76,44,7,10,4060.8,3533.37,527.43
91390,2021-07-02,19,27,6,5,42.25,34.22,8.03
91390,2021-07-02,47,27,6,5,131.55,106.56,24.99
91391,2021-07-03,19,1,8,12,105.24,92.95,12.29
91391,2021-07-03,41,1,8,42,393.96,319.11,74.85
91391,2021-07-03,53,1,8,120,7548,6113.88,1434.12
91392,2021-07-03,53,37,3,3,185.54,148.94,36.6
91392,2021-07-03,56,37,3,30,1068.6,865.57,203.03
91393,2021-07-04,10,19,9,18,116.28,94.19,22.09
91393,2021-07-04,26,19,9,30,941.7,762.78,178.92
91393,2021-07-04,45,19,9,110,1129.7,989.46,140.24
91393,2021-07-04,46,19,9,24,273.8399,221.81,52.0299
91394,2021-07-04,2,32,1,30,653.25,423.31,229.94
91394,2021-07-04,17,32,1,27,816.41,529.04,287.37
91394,2021-07-04,47,32,1,50,1746.88,1131.97,614.91
91394,2021-07-04,56,32,1,18,775.8,502.72,273.08
91394,2021-07-04,58,32,1,12,651.9,422.4299,229.4701
91395,2021-07-05,4,60,4,18,459.95,361.27,98.68
91396,2021-07-05,10,9,5,21,137.76,111.59,26.17
91396,2021-07-05,71,9,5,30,953.7,772.5,181.2
91397,2021-07-06,35,11,3,20,129.4,104.81,24.59
91397,2021-07-06,57,11,3,6,117.78,100.1499,17.6301
91398,2021-07-09,1,37,3,15,364.69,236.32,128.37
91398,2021-07-09,10,37,3,18,142.88,92.58,50.3
91398,2021-07-09,71,37,3,30,1125,729,396
91398,2021-07-09,77,37,3,35,576.19,373.37,202.82
91399,2021-07-09,18,45,1,12,408.45,264.68,143.77
91399,2021-07-09,30,45,1,3,100.6499,70.16,30.4899
91399,2021-07-09,54,45,1,40,1712.5,1109.7,602.8
91400,2021-07-10,17,30,4,8,225.63,166.15,59.48
91400,2021-07-10,19,30,4,10,95.2,77.11,18.09
91400,2021-07-10,21,30,4,6,62.7,46.17,16.53
91400,2021-07-10,61,30,4,10,282.15,207.76,74.39
91401,2021-07-11,44,63,8,50,3967.43,3060.59,906.84
91402,2021-07-12,26,89,2,15,480.75,389.4099,91.3401
91403,2021-07-12,10,51,1,16,123.04,99.66,23.38
91403,2021-07-12,61,51,1,5,134.1,108.62,25.48
91404,2021-07-13,41,21,3,12,123.36,99.92,23.44
91404,2021-07-13,52,21,3,4,290.8399,235.58,55.2599
91404,2021-07-13,55,21,3,6,249.6,202.18,47.42
91405,2021-07-16,4,19,3,25,565.5,458.06,107.44
91405,2021-07-16,11,19,3,5,146.95,119.03,27.92
91406,2021-07-16,17,80,1,20,577.08,445.28,131.8
91406,2021-07-16,56,80,1,10,435.44,335.9099,99.5301
91406,2021-07-16,59,80,1,10,86.63,66.83,19.8
91407,2021-07-17,30,62,3,15,356.25,288.56,67.69
91407,2021-07-17,40,62,3,6,106.92,86.61,20.31
91407,2021-07-17,55,62,3,12,450.84,365.18,85.66
91407,2021-07-17,60,62,3,15,79.95,64.76,15.19
91408,2021-07-18,17,37,9,36,978.52,768.58,209.94
91408,2021-07-18,56,37,9,20,810.2,700.01,110.19
91409,2021-07-19,76,1,7,20,8250,6682.5,1567.5
91410,2021-07-20,6,31,9,30,120.9,97.93,22.97
91410,2021-07-20,30,31,9,15,351.3,287.07,64.23
91410,2021-07-20,76,31,9,20,8252.4,6862.1,1390.3
91411,2021-07-21,54,1,7,24,820.3199,708.76,111.5599
91412,2021-07-23,61,17,7,20,570.4599,420.07,150.3899
91412,2021-07-23,77,17,7,2,27.61,20.3299,7.2801
91413,2021-07-24,65,37,9,40,374,302.94,71.06
91413,2021-07-24,75,37,9,20,151,122.31,28.69
91414,2021-07-24,13,19,3,4,102.24,83.84,18.4
91414,2021-07-24,41,19,3,12,121.44,98.3699,23.0701
91415,2021-07-25,36,19,9,6,44.76,36.26,8.5
91415,2021-07-25,52,19,9,18,1431.72,1159.6899,272.0301
91416,2021-07-27,2,4,9,15,324.54,219.06,105.48
91417,2021-07-30,5,79,8,4,21.64,17.53,4.11
91417,2021-07-30,36,79,8,5,41.9,33.94,7.96
91418,2021-07-30,46,1,8,28,383.08,295.52,87.56
91419,2021-07-30,40,79,7,50,1187.4,801.5,385.9
91420,2021-07-31,48,23,6,6,220.51,162.37,58.14
91420,2021-07-31,76,23,6,10,4068.24,2995.7,1072.54
91421,2021-08-01,13,82,1,6,144.48,117.03,27.45
91421,2021-08-01,42,82,1,28,416.36,337.25,79.11
91421,2021-08-01,62,82,1,9,256.32,207.62,48.7
91421,2021-08-01,69,82,1,40,82.8,67.0699,15.7301
91422,2021-08-02,23,1,7,44,419.76,340.01,79.75
91422,2021-08-02,40,1,7,40,720.4,609.9499,110.4501
91422,2021-08-02,56,1,7,28,1034.8799,838.25,196.6299
91423,2021-08-02,56,32,1,15,612.15,495.84,116.31
91423,2021-08-02,59,32,1,6,52.8,42.77,10.03
91423,2021-08-02,76,32,1,10,4192.3,3395.76,796.54
91424,2021-08-02,9,14,6,5,194.5,171.55,22.95
91424,2021-08-02,21,14,6,15,149.25,131.6399,17.6101
91424,2021-08-02,22,14,6,15,52.5,46.3099,6.1901
91424,2021-08-02,24,14,6,50,236.25,198.45,37.8
91424,2021-08-02,33,14,6,3,76.5,67.47,9.03
91424,2021-08-02,37,14,6,7,31.5,27.78,3.72
91424,2021-08-02,42,14,6,10,156.5,138.03,18.47
91424,2021-08-02,47,14,6,5,127.5,112.46,15.04
91424,2021-08-02,51,14,6,3,308.69,264.3399,44.3501
91424,2021-08-02,62,14,6,5,124.8,105.84,18.96
91425,2021-08-04,10,80,1,2,12.96,10.5,2.46
91425,2021-08-04,19,80,1,7,67.55,56.09,11.46
91425,2021-08-04,44,80,1,21,1565.76,1268.27,297.49
91426,2021-08-06,21,25,8,32,339.7,262.05,77.65
91426,2021-08-06,54,25,8,15,523.65,424.16,99.49
91426,2021-08-06,69,25,8,25,50.14,38.68,11.46
91427,2021-08-06,14,19,3,15,432,291.6,140.4
91427,2021-08-06,54,19,3,6,239.4,161.6,77.8
91428,2021-08-07,28,1,8,15,873,565.7,307.3
91428,2021-08-07,39,1,8,21,1478.4,958,520.4
91428,2021-08-07,46,1,8,2,27.88,18.06,9.82
91429,2021-08-07,45,27,6,4,35.8799,29.06,6.8199
91429,2021-08-07,74,27,6,5,163.8,132.68,31.12
91430,2021-08-07,40,49,6,3,51.63,41.82,9.81
91431,2021-08-08,47,59,5,30,1044.75,677,367.75
91431,2021-08-08,56,59,5,30,1558.5,1110.58,447.92
91431,2021-08-08,57,59,5,14,359.1,232.7,126.4
91431,2021-08-08,69,59,5,25,62.19,40.3,21.89
91432,2021-08-10,32,2,2,10,198.5,160.79,37.71
91433,2021-08-11,10,31,2,20,150.6,121.99,28.61
91433,2021-08-11,41,31,2,4,36.8399,29.84,6.9999
91433,2021-08-11,47,31,2,15,375.3,303.9899,71.3101
91434,2021-08-12,55,79,8,5,209.25,169.49,39.76
91435,2021-08-13,47,1,7,15,375.6,304.24,71.36
91436,2021-08-14,52,82,1,4,375.4099,264.4199,110.99
91437,2021-08-14,25,19,9,35,622.5599,403.4199,219.14
91437,2021-08-14,75,19,9,18,136.98,110.95,26.03
91438,2021-08-14,39,80,1,16,875.2,708.91,166.29
91438,2021-08-14,47,80,1,30,703.5,569.8399,133.6601
91438,2021-08-14,51,80,1,28,2742.6,2221.51,521.09
91438,2021-08-14,56,80,1,60,2187.6,1771.96,415.64
91439,2021-08-15,14,32,1,3,82.93,61.63,21.3
91439,2021-08-15,44,32,1,28,2095.02,1542.6899,552.3301
91439,2021-08-15,47,32,1,6,156.62,115.33,41.29
91440,2021-08-15,3,1,8,20,440,324,116
91440,2021-08-15,39,1,8,130,7797.79,5742.01,2055.78
91441,2021-08-15,65,63,7,80,842.16,620.14,222.02
91442,2021-08-16,21,63,7,60,582,471.42,110.58
91442,2021-08-16,40,63,7,70,1462.6499,1128.33,334.3199
91442,2021-08-16,60,63,7,55,265.65,204.93,60.72
91442,2021-08-16,77,63,7,70,937.8599,723.49,214.3699
91443,2021-08-16,42,76,4,2,26.7,21.63,5.07
91444,2021-08-18,28,19,3,10,448.6,363.37,85.23
91444,2021-08-18,29,19,3,6,725.7,587.8199,137.8801
91444,2021-08-18,44,19,3,10,825.4,668.57,156.83
91445,2021-08-19,22,1,7,6,21.36,16.84,4.52
91445,2021-08-19,57,1,7,15,332.64,288.14,44.5
91445,2021-08-19,65,1,7,20,185.2,156.44,28.76
91446,2021-08-19,15,44,8,25,155.4,119.88,35.52
91446,2021-08-19,26,44,8,5,151.51,116.88,34.63
91447,2021-08-19,14,2,3,3,72.75,58.93,13.82
91447,2021-08-19,42,2,3,5,74.6,60.43,14.17
91447,2021-08-19,60,2,3,10,48.7,39.4499,9.2501
91448,2021-08-19,41,19,3,30,283.19,218.46,64.73
91448,2021-08-19,52,19,3,15,1284.41,990.83,293.58
91448,2021-08-19,61,19,3,20,542.2,439.18,103.02
91448,2021-08-19,62,19,3,15,462.45,374.58,87.87
91449,2021-08-20,54,6,7,20,755.8,687.42,68.38
91450,2021-08-20,20,44,7,21,2096.39,1415.06,681.33
91450,2021-08-20,69,44,7,20,47.04,31.75,15.29
91450,2021-08-20,76,44,7,4,2010.96,1482.54,528.42
91451,2021-08-20,52,80,1,24,1964.16,1590.97,373.19
91451,2021-08-20,58,80,1,30,1368.9,1108.81,260.09
91452,2021-08-20,11,34,3,15,476.25,308.61,167.64
91453,2021-08-21,71,24,7,6,169.1399,148.16,20.9799
91454,2021-08-21,40,23,6,30,609.21,469.96,139.25
91454,2021-08-21,42,23,6,30,464.94,366.7799,98.1601
91454,2021-08-21,51,23,6,20,2033.43,1568.6499,464.7801
91455,2021-08-21,71,20,5,16,486.88,394.37,92.51
91456,2021-08-21,29,44,8,18,2206.44,1787.22,419.22
91456,2021-08-21,59,44,8,25,208.5,168.88,39.62
91457,2021-08-23,10,73,3,6,38.82,31.66,7.16
91457,2021-08-23,67,73,3,3,171.03,138.53,32.5
91458,2021-08-24,3,1,7,6,120.96,97.98,22.98
91458,2021-08-24,76,1,7,15,6430.35,5208.58,1221.77
91459,2021-08-26,31,17,7,16,133.56,110.56,23
91459,2021-08-26,42,17,7,12,186.73,144.05,42.68
91459,2021-08-26,45,17,7,27,258.27,199.2399,59.0301
91459,2021-08-26,51,17,7,120,11665.08,8998.78,2666.3
91460,2021-08-26,42,31,3,20,360.96,243.65,117.31
91461,2021-08-27,26,46,3,50,1882.55,1414.3699,468.1801
91461,2021-08-27,72,46,3,25,311.65,246.62,65.03
91462,2021-08-27,54,59,4,4,141.44,114.57,26.87
91462,2021-08-27,73,59,4,30,35.1,28.43,6.67
91463,2021-08-27,41,5,9,10,90.6,73.39,17.21
91464,2021-08-27,70,46,3,35,1005.9,814.78,191.12
91464,2021-08-27,77,46,3,15,186.45,151.02,35.43
91465,2021-08-28,54,44,8,3,136.19,91.93,44.26
91465,2021-08-28,56,44,8,20,977.04,659.5,317.54
91465,2021-08-28,74,44,8,35,1043.7,845.4,198.3
91466,2021-08-29,10,33,9,10,64.2,52,12.2
91466,2021-08-29,75,33,9,10,80.4,65.1199,15.2801
91467,2021-08-30,41,56,8,16,200.4,138.52,61.88
91467,2021-08-30,57,56,8,50,929,802.66,126.34
91467,2021-08-30,62,56,8,15,540.38,373.51,166.87
91467,2021-08-30,70,56,8,21,770.9599,532.89,238.0699
91468,2021-08-30,33,82,1,14,387.1,313.55,73.55
91468,2021-08-30,40,82,1,2,38.58,31.25,7.33
91468,2021-08-30,62,82,1,10,300.3,243.24,57.06
91468,2021-08-30,64,82,1,6,212.88,172.43,40.45
91469,2021-08-30,8,62,3,30,662.4,447.12,215.28
91469,2021-08-30,30,62,3,15,503.46,339.84,163.62
91469,2021-08-30,75,62,3,42,352.8,238.14,114.66
91470,2021-08-30,2,73,9,15,301.3,251.15,50.15
91470,2021-08-30,29,73,9,20,2642.01,2038.12,603.89
91471,2021-09-01,24,21,2,10,52.9,38.09,14.81
91471,2021-09-01,46,21,2,9,129.89,93.52,36.37
91471,2021-09-01,47,21,2,6,183.88,132.4,51.48
91471,2021-09-01,60,21,2,12,72.45,52.16,20.29
91472,2021-09-02,4,81,2,20,548.64,370.33,178.31
91472,2021-09-02,55,81,2,20,1002.48,676.67,325.81
91472,2021-09-02,62,81,2,10,351.7199,238.01,113.7099
91473,2021-09-02,19,63,8,50,499.27,385.15,114.12
91473,2021-09-02,75,63,8,40,351.54,271.19,80.35
91474,2021-09-02,7,31,3,3,134.2099,94.53,39.6799
91474,2021-09-02,56,31,3,20,838.12,590.3299,247.7901
91475,2021-09-03,29,25,8,14,1692.56,1305.6899,386.8701
91475,2021-09-03,41,25,8,20,202.23,160.82,41.41
91476,2021-09-04,41,17,8,14,125.86,101.95,23.91
91476,2021-09-04,52,17,8,8,675.92,547.5,128.42
91477,2021-09-12,30,31,3,2,65.6,42.51,23.09
91477,2021-09-12,42,31,3,20,267.6,216.76,50.84
91478,2021-09-16,41,84,4,20,177.6,143.86,33.74
91478,2021-09-16,43,84,4,20,283.36,199.58,83.78
91478,2021-09-16,48,84,4,8,304.52,214.49,90.03
91478,2021-09-16,61,84,4,30,936.67,659.75,276.92
91479,2021-09-16,33,37,3,16,447.36,362.36,85
91480,2021-09-20,11,46,9,20,666.8199,491.02,175.7999
91480,2021-09-20,57,46,9,15,312.3,252.96,59.34
91480,2021-09-20,59,46,9,40,392.04,314.3399,77.7001
91480,2021-09-20,77,46,9,15,216.32,173.45,42.87
91481,2021-09-20,41,17,7,12,104.4,92.08,12.32
91481,2021-09-20,70,17,7,9,278.91,263.4899,15.4201
91482,2021-09-24,20,59,4,5,409.35,361.05,48.3
91482,2021-09-24,38,59,4,2,150.96,133.15,17.81
91483,2021-09-24,2,38,9,10,201.1,177.37,23.73
91483,2021-09-24,8,38,9,20,395.4,348.74,46.66
91483,2021-09-24,13,38,9,10,264.3,233.11,31.19
91483,2021-09-24,60,38,9,21,112.98,99.6499,13.3301
91484,2021-09-25,13,41,5,3,92.16,67.74,24.42
91484,2021-09-25,25,41,5,10,165.6,121.72,43.88
91484,2021-09-25,44,41,5,16,1308.29,961.59,346.7
91484,2021-09-25,64,41,5,3,99.1799,87.48,11.6999
91485,2021-09-25,10,56,7,24,197.06,151.1399,45.9201
91486,2021-09-26,59,1,7,15,120.6,114.6699,5.9301
91486,2021-09-26,77,1,7,2,29.52,21.7,7.82
91487,2021-09-27,38,73,9,50,3960.5,3292.62,667.88
91487,2021-09-27,46,73,9,2,31.55,20.9,10.65
91487,2021-09-27,68,73,9,36,565.2,374.39,190.81
91487,2021-09-27,77,73,9,35,465.5,385.4299,80.0701
91488,2021-09-27,13,5,9,6,148.08,130.6099,17.4701
91488,2021-09-27,40,5,9,25,450.25,402.56,47.69
91488,2021-09-27,47,5,9,40,1356,956.79,399.21
91488,2021-09-27,76,5,9,21,10140.9,7155.42,2985.48
91489,2021-09-29,24,73,9,15,72.75,65.56,7.19
91489,2021-09-29,28,73,9,6,285.06,236.03,49.03
91489,2021-09-29,59,73,9,12,106.44,88.13,18.31
91489,2021-09-29,71,73,9,15,434.85,360.06,74.79
91490,2021-10-01,10,73,9,16,101.28,89.33,11.95
91490,2021-10-01,56,73,9,30,1245.9,1098.8799,147.0201
91490,2021-10-01,59,73,9,50,431.5,380.58,50.92
91490,2021-10-01,77,73,9,15,201,177.28,23.72
91491,2021-10-02,9,37,9,20,806.9599,607.42,199.5399
91491,2021-10-02,13,37,9,2,59.14,44.51,14.63
91491,2021-10-02,70,37,9,8,276.06,207.79,68.27
91491,2021-10-02,73,37,9,20,23.7599,17.88,5.8799
91492,2021-10-02,51,84,4,4,473.6,334.17,139.43
91493,2021-10-03,28,7,5,30,1262.1,1090.45,171.65
91493,2021-10-03,29,7,5,35,4751.6,4105.38,646.22
91493,2021-10-03,38,7,5,10,807.4,697.59,109.81
91493,2021-10-03,49,7,5,35,640.15,553.09,87.06
91493,2021-10-03,54,7,5,28,1028.44,888.57,139.87
91494,2021-10-03,4,76,4,21,474.18,418.2299,55.9501
91494,2021-10-03,70,76,4,30,922.5,842.11,80.39
91494,2021-10-03,74,76,4,20,621.8,548.4299,73.3701
91495,2021-10-04,3,39,9,49,967.75,853.56,114.19
91495,2021-10-04,26,39,9,18,693.4499,531.8499,161.6
91496,2021-10-04,25,84,4,20,318.32,244.14,74.18
91496,2021-10-04,33,84,4,4,121.16,92.93,28.23
91496,2021-10-04,70,84,4,30,927.71,711.51,216.2
91497,2021-10-07,2,1,8,15,293.55,258.91,34.64
91497,2021-10-07,17,1,8,6,139.44,122.99,16.45
91497,2021-10-07,62,1,8,50,1572,1386.5,185.5
91498,2021-10-08,18,6,8,10,255.2,225.09,30.11
91499,2021-10-08,10,20,5,100,724.5,555.66,168.84
91499,2021-10-08,13,20,5,65,2046.66,1569.7,476.96
91500,2021-10-09,2,3,9,20,390.8,363.15,27.65
91500,2021-10-09,42,3,9,20,268,236.38,31.62
91501,2021-10-09,7,19,3,40,1686,1487.05,198.95
91501,2021-10-09,55,19,3,35,1367.45,1206.09,161.36
91501,2021-10-09,60,19,3,50,269,247.47,21.53
91502,2021-10-10,40,25,8,50,935.5,808.27,127.23
91502,2021-10-10,59,25,8,70,697.13,523.76,173.37
91502,2021-10-10,76,25,8,15,6356.8,4775.89,1580.91
91503,2021-10-10,7,40,5,5,214.3,189.01,25.29
91503,2021-10-10,27,40,5,10,433.5,382.35,51.15
91503,2021-10-10,70,40,5,4,122.24,107.82,14.42
91504,2021-10-10,51,26,7,3,325.41,287.01,38.4
91504,2021-10-10,76,26,7,20,7288.8,6428.72,860.08
91505,2021-10-10,2,22,4,10,198.45,166.7,31.75
91505,2021-10-10,3,22,4,25,511.88,429.98,81.9
91506,2021-10-11,10,19,3,36,255.6,207.04,48.56
91506,2021-10-11,28,19,3,24,1090.32,883.16,207.16
91506,2021-10-11,49,19,3,4,86.71,61.07,25.64
91507,2021-10-11,11,44,7,25,683.5,602.8499,80.6501
91507,2021-10-11,52,44,7,8,683.52,628.37,55.15
91508,2021-10-17,10,88,2,10,66,58.21,7.79
91509,2021-10-17,13,37,9,56,1419.04,1251.59,167.45
91509,2021-10-17,35,37,9,15,100.05,76.73,23.32
91509,2021-10-17,42,37,9,24,354.94,274.4599,80.4801
91509,2021-10-17,55,37,9,40,1689.2,1581.1499,108.0501
91510,2021-10-21,40,79,7,12,210.36,185.54,24.82
91510,2021-10-21,65,79,7,10,109,96.14,12.86
91510,2021-10-21,76,79,7,10,4305.3,3797.27,508.03
91511,2021-10-21,23,24,7,30,299.16,219.88,79.28
91511,2021-10-21,61,24,7,30,973.08,715.21,257.87
91511,2021-10-21,70,24,7,50,1750.2,1286.4,463.8
91512,2021-10-28,59,73,3,40,350.2799,294.24,56.0399
91513,2021-10-29,8,39,9,30,603.3,532.11,71.19
91513,2021-10-29,24,39,9,10,47,41.4499,5.5501
91513,2021-10-29,29,39,9,24,3030.7199,2673.09,357.6299
91513,2021-10-29,30,39,9,35,959,845.84,113.16
91513,2021-10-29,36,39,9,20,147.8,130.36,17.44
91514,2021-10-31,13,54,3,5,116.45,102.71,13.74
91515,2021-10-31,70,73,9,3,115.35,81.39,33.96
91516,2021-11-03,55,24,7,30,1464.1799,1122.96,341.2199
91516,2021-11-03,62,24,7,6,193.2,148.18,45.02
91517,2021-11-04,58,89,3,15,670.3499,591.25,79.0999
91517,2021-11-04,62,89,3,35,934.5,824.23,110.27
91518,2021-11-05,75,74,4,14,107.52,94.83,12.69
91519,2021-11-06,31,17,8,20,186,174.01,11.99
91519,2021-11-06,75,17,8,12,96.72,83.5699,13.1501
91519,2021-11-06,76,17,8,12,5190.36,4735.04,455.32
91520,2021-11-06,4,62,3,30,887.25,626.04,261.21
91520,2021-11-06,33,62,3,40,1163.5,820.97,342.53
91520,2021-11-06,58,62,3,15,774.4499,683.0599,91.39
91521,2021-11-07,56,29,5,5,181.45,150.2399,31.2101
91521,2021-11-07,64,29,5,7,233.24,193.12,40.12
91522,2021-11-07,17,80,1,10,274.5,242.11,32.39
91522,2021-11-07,33,80,1,30,788.1,695.1,93
91522,2021-11-07,54,80,1,10,370.8,327.05,43.75
91523,2021-11-08,34,79,7,36,272.16,256.69,15.47
91523,2021-11-08,54,79,7,18,672.66,581.1799,91.4801
91523,2021-11-08,65,79,7,15,141.15,121.95,19.2
91523,2021-11-08,77,79,7,7,99.61,86.06,13.55
91524,2021-11-08,46,66,6,20,241.4,199.88,41.52
91525,2021-11-09,24,25,8,40,225.5,159.1099,66.3901
91525,2021-11-09,54,25,8,35,1568.8799,1107,461.8799
91525,2021-11-09,64,25,8,30,1312.5,926.1,386.4
91526,2021-11-10,30,69,5,1,26.2,23.11,3.09
91526,2021-11-10,60,69,5,10,46.9,41.37,5.53
91527,2021-11-10,16,47,3,24,242.16,213.59,28.57
91527,2021-11-10,25,47,3,24,305.52,296.62,8.9
91527,2021-11-10,40,47,3,20,400,352.8,47.2
91528,2021-11-16,26,62,3,20,666.4,587.76,78.64
91528,2021-11-16,35,62,3,30,187.2,165.1099,22.0901
91528,2021-11-16,49,62,3,42,899.51,762.67,136.84
91529,2021-11-16,10,5,3,20,151.58,121.54,30.04
91529,2021-11-16,28,5,3,30,1544.4,1238.33,306.07
91529,2021-11-16,75,5,3,6,44.64,39.37,5.27
91530,2021-11-16,36,34,9,25,228.85,175.52,53.33
91530,2021-11-16,52,34,9,12,1171.76,909.01,262.75
91531,2021-11-17,47,29,4,5,127.5,112.46,15.04
91531,2021-11-17,76,29,4,5,1818.2,1613.76,204.44
91532,2021-11-18,13,68,6,42,1305.55,1001.3,304.25
91532,2021-11-18,57,68,6,30,577.5,543.79,33.71
91533,2021-11-18,53,19,3,2,110.38,97.36,13.02
91533,2021-11-18,61,19,3,30,764.7,674.47,90.23
91534,2021-11-21,36,32,1,30,313.9199,230.73,83.1899
91535,2021-11-22,2,49,6,10,206.54,175.75,30.79
91535,2021-11-22,67,49,6,40,2723.66,2088.93,634.73
91536,2021-11-23,13,42,1,15,364.2,321.22,42.98
91536,2021-11-23,22,42,1,21,73.29,64.64,8.65
91536,2021-11-23,46,42,1,15,185.85,163.92,21.93
91537,2021-11-24,11,79,8,5,161.88,114.22,47.66
91537,2021-11-24,44,79,8,18,1636.43,1154.6599,481.7701
91537,2021-11-24,56,79,8,18,727.2,641.39,85.81
91538,2021-11-25,50,30,5,9,144.45,127.4,17.05
91538,2021-11-25,51,30,5,40,4030.4,3554.81,475.59
91538,2021-11-25,55,30,5,4,154.9199,136.6399,18.28
91539,2021-11-28,2,30,5,20,409.2,360.9099,48.2901
91539,2021-11-28,68,30,5,18,208.08,183.53,24.55
91540,2021-11-28,33,73,9,15,373.5899,313.82,59.7699
91540,2021-11-28,41,73,9,6,60.1,50.49,9.61
91540,2021-11-28,75,73,9,50,379.57,318.8399,60.7301
91541,2021-11-28,6,1,7,16,65.02,60.18,4.84
91541,2021-11-28,28,1,7,2,89.1,78.59,10.51
91542,2021-11-28,20,4,9,50,4404.75,3699.99,704.76
91542,2021-11-28,31,4,9,50,414.2299,347.95,66.2799
91543,2021-11-29,75,19,9,12,113.18,83.19,29.99
91544,2021-11-30,75,31,9,20,166.52,127.71,38.81
91545,2021-12-01,45,50,4,15,140.85,124.23,16.62
91545,2021-12-01,56,50,4,16,578.72,510.4299,68.2901
91546,2021-12-01,52,62,3,6,467.27,392.51,74.76
91546,2021-12-01,76,62,3,60,23334.6,20581.12,2753.48
91547,2021-12-01,60,28,5,2,10.99,8.43,2.56
91548,2021-12-02,37,23,6,8,33.36,32.46,0.9
91548,2021-12-02,56,23,6,12,539.8599,414.05,125.8099
91548,2021-12-02,62,23,6,12,395.2299,303.13,92.0999
91549,2021-12-06,52,8,4,40,3659.04,2689.39,969.65
91550,2021-12-06,17,40,4,6,151.56,133.68,17.88
91550,2021-12-06,33,40,4,7,177.31,164.3,13.01
91551,2021-12-06,26,40,5,5,154.2,136,18.2
91551,2021-12-06,41,40,5,6,52.26,46.09,6.17
91551,2021-12-06,75,40,5,10,82.1,79.69,2.41
91552,2021-12-07,63,75,1,10,207.4,182.93,24.47
91553,2021-12-07,28,35,9,20,846.8,746.88,99.92
91554,2021-12-08,39,82,1,30,1816.2,1601.8899,214.3101
91554,2021-12-08,47,82,1,30,809.7,714.16,95.54
91554,2021-12-08,51,82,1,10,1047.5,923.89,123.61
91554,2021-12-08,63,82,1,20,433.6,382.44,51.16
91555,2021-12-09,7,80,1,20,746.4,698.4599,47.9401
91555,2021-12-09,43,80,1,9,102.33,90.26,12.07
91556,2021-12-11,3,22,4,35,732.15,603.51,128.64
91557,2021-12-12,34,23,6,10,77,62.37,14.63
91557,2021-12-12,38,23,6,10,848.9,687.61,161.29
91558,2021-12-12,11,54,3,30,855.6,754.64,100.96
91558,2021-12-12,20,54,3,15,1211.7,1068.72,142.98
91558,2021-12-12,76,54,3,10,3689.3,3253.96,435.34
91558,2021-12-12,77,54,3,15,197.1,173.84,23.26
91559,2021-12-13,59,35,9,60,518.4,433.48,84.92
91559,2021-12-13,68,35,9,30,398.7,341.68,57.02
91559,2021-12-13,75,35,9,36,270,223.56,46.44
91560,2021-12-13,7,32,1,60,2395.8,2113.1,282.7
91560,2021-12-13,62,32,1,40,1307.6799,1048.52,259.1599
91561,2021-12-13,6,61,3,40,159.6,140.7699,18.8301
91561,2021-12-13,11,61,3,15,385.65,340.14,45.51
91561,2021-12-13,41,61,3,4,37.36,32.9499,4.4101
91562,2021-12-14,21,1,8,65,675.3499,595.66,79.6899
91562,2021-12-14,34,1,8,60,516.8099,396.37,120.4399
91562,2021-12-14,55,1,8,65,2942.91,2257.08,685.83
91562,2021-12-14,61,1,8,66,2132.03,1635.1799,496.8501
91563,2021-12-14,2,63,8,50,1084.8,797.3299,287.4701
91563,2021-12-14,70,63,8,20,716.16,526.38,189.78
91563,2021-12-14,76,63,8,90,43755.1199,32160.01,11595.1099
91564,2021-12-14,29,80,1,50,7867.5,5551.31,2316.19
91564,2021-12-14,41,80,1,35,442.75,312.3999,130.3501
91565,2021-12-15,24,21,2,15,61.65,51.05,10.6
91565,2021-12-15,34,21,2,10,84.8,70.2099,14.5901
91566,2021-12-15,2,5,3,21,463.31,326.91,136.4
91566,2021-12-15,24,5,3,6,35.17,24.82,10.35
91566,2021-12-15,30,5,3,40,1204.5,849.9,354.6
91567,2021-12-15,51,58,8,20,1995.8,1769.06,226.74
91567,2021-12-15,60,58,8,4,20.84,18.38,2.46
91568,2021-12-15,42,63,7,40,568.4,501.33,67.07
91569,2021-12-15,24,91,8,12,49.56,43.71,5.85
91569,2021-12-15,61,91,8,7,203.7699,179.73,24.0399
91569,2021-12-15,74,91,8,20,633.2,558.48,74.72
91569,2021-12-15,75,91,8,30,230.7,203.48,27.22
91570,2021-12-16,35,91,8,3,19.26,16.9899,2.2701
91570,2021-12-16,51,91,8,2,215.24,189.84,25.4
91571,2021-12-18,1,37,3,4,76,67.03,8.97
91571,2021-12-18,40,37,3,10,167.8,148,19.8
91571,2021-12-18,52,37,3,10,801,706.48,94.52
91572,2021-12-20,28,17,7,70,3123.01,2623.33,499.68
91572,2021-12-20,34,17,7,90,771.12,647.74,123.38
91572,2021-12-20,71,17,7,21,617.4,544.5499,72.8501
91573,2021-12-20,24,30,4,12,50.16,44.24,5.92
91573,2021-12-20,36,30,4,18,188.55,133.04,55.51
91573,2021-12-20,60,30,4,9,46.8,41.28,5.52
91574,2021-12-21,20,76,5,40,3189.06,2514.8,674.26
91574,2021-12-21,33,76,5,25,620.5499,489.35,131.1999
91574,2021-12-21,60,76,5,40,182,150.7,31.3
91575,2021-12-21,7,66,6,20,878.8,775.1,103.7
91575,2021-12-21,24,66,6,10,44.7,39.43,5.27
91576,2021-12-21,19,25,7,50,473.02,432.38,40.64
91576,2021-12-21,60,25,7,36,172.75,145.1099,27.6401
91576,2021-12-21,71,25,7,60,1915.2,1715.51,199.69
91577,2021-12-21,23,69,4,10,91.4,80.61,10.79
91577,2021-12-21,42,69,4,4,59.16,54.13,5.03
91577,2021-12-21,45,69,4,20,179.4,158.23,21.17
91577,2021-12-21,68,69,4,2,25.02,22.07,2.95
91578,2021-12-22,41,47,3,28,313.54,251.41,62.13
91579,2021-12-22,30,19,9,15,425.4,375.2,50.2
91579,2021-12-22,77,19,9,18,212.4,187.34,25.06
91580,2021-12-22,31,42,1,15,122.85,108.35,14.5
91580,2021-12-22,36,42,1,16,138.56,122.21,16.35
91581,2021-12-23,40,30,5,40,775.28,608.9499,166.3301
91581,2021-12-23,65,30,5,30,355.74,279.4199,76.3201
91581,2021-12-23,68,30,5,15,210.71,165.5,45.21
91582,2021-12-23,42,59,4,25,315.75,278.4899,37.2601
91582,2021-12-23,49,59,4,20,458.85,351.9199,106.9301
91582,2021-12-23,54,59,4,32,1303.46,999.69,303.77
91583,2021-12-24,10,17,7,15,99.3,87.58,11.72
91583,2021-12-24,39,17,7,21,1141.98,1007.23,134.75
91584,2021-12-25,10,34,3,70,471.8,416.13,55.67
91584,2021-12-25,31,34,3,35,317.45,284.44,33.01
91584,2021-12-25,77,34,3,40,543.2,479.1,64.1
91585,2021-12-26,2,63,8,11,244.75,172.7,72.05
91585,2021-12-26,20,63,8,15,1114.2,982.72,131.48
91585,2021-12-26,26,63,8,63,1901.34,1676.98,224.36
91585,2021-12-26,51,63,8,44,5569.85,3930.09,1639.76
91585,2021-12-26,72,63,8,35,441.35,389.27,52.08
91586,2021-12-26,7,73,3,4,161.2,142.18,19.02
91586,2021-12-26,43,73,3,30,357.3,315.14,42.16
91587,2021-12-27,24,37,3,25,116.5,100.66,15.84
91587,2021-12-27,57,37,3,25,442.5,382.32,60.18
91588,2021-12-27,26,19,3,12,401.2799,353.9299,47.35
91588,2021-12-27,33,19,3,30,707.4,623.9299,83.4701
91588,2021-12-27,65,19,3,21,196.98,173.7399,23.2401
91588,2021-12-27,71,19,3,50,1430,1261.26,168.74
91589,2021-12-28,17,18,6,15,347.55,306.54,41.01
91589,2021-12-28,34,18,6,10,80.3,74.4,5.9
91589,2021-12-28,41,18,6,14,127.68,112.61,15.07
91590,2021-12-28,24,10,1,30,179.63,126.74,52.89
91590,2021-12-28,62,10,1,21,754.9499,589.62,165.3299
91591,2021-12-29,21,6,8,12,120.12,105.95,14.17
91591,2021-12-29,47,6,8,14,322.56,284.5,38.06
91591,2021-12-29,51,6,8,8,785.4399,692.76,92.6799
91592,2021-12-29,2,23,6,100,2427.5,1712.84,714.66
91592,2021-12-29,5,23,6,70,424.2,413.9099,10.2901
91592,2021-12-29,29,23,6,60,10074.75,7108.74,2966.01
91592,2021-12-29,59,23,6,100,980,691.49,288.51
91593,2021-12-29,1,42,1,45,965.25,851.35,113.9
91593,2021-12-29,13,42,1,80,2183.2,1925.58,257.62
91593,2021-12-29,24,42,1,21,94.92,83.72,11.2
91593,2021-12-29,64,42,1,20,648,628.3,19.7
91593,2021-12-29,71,42,1,16,460.32,406,54.32
91594,2021-12-30,14,87,7,10,248.7,214.88,33.82
91594,2021-12-30,21,87,7,10,115.5,99.1,16.4
91594,2021-12-30,71,87,7,40,1364.44,1071.71,292.73
91595,2021-12-30,24,19,9,110,504.9,445.32,59.58
91595,2021-12-30,39,19,9,45,2893.5,2552.07,341.43
91595,2021-12-30,40,19,9,91,1752.66,1545.85,206.81
91595,2021-12-30,60,19,9,100,502,442.76,59.24
91596,2021-12-30,13,55,1,10,267.75,224.91,42.84
91596,2021-12-30,57,55,1,15,285,251.37,33.63
91597,2022-01-01,24,82,1,10,44.52,36.63,7.89
91597,2022-01-01,34,82,1,10,86.73,73.11,13.62
91597,2022-01-01,36,82,1,20,159.81,131.5,28.31
91598,2022-01-01,21,37,9,15,178.86,143.41,35.45
91598,2022-01-01,44,37,9,12,879.48,775.7,103.78
91598,2022-01-01,61,37,9,6,145.56,128.38,17.18
91599,2022-01-02,22,59,4,35,125.65,110.82,14.83
91600,2022-01-02,70,30,4,4,116,102.31,13.69
91601,2022-01-02,40,23,6,5,106.62,78.3699,28.2501
91601,2022-01-02,52,23,6,2,155.22,136.9,18.32
91601,2022-01-02,71,23,6,30,961.8,848.31,113.49
91602,2022-01-02,28,47,3,20,958,844.96,113.04
91602,2022-01-02,35,47,3,24,147.84,130.39,17.45
91602,2022-01-02,49,47,3,60,1116,984.31,131.69
91602,2022-01-02,57,47,3,28,575.6799,507.75,67.9299
91603,2022-01-03,2,80,1,30,724.3199,532.38,191.9399
91603,2022-01-03,63,80,1,30,610.5,538.4599,72.0401
91604,2022-01-03,44,59,5,15,1131.1499,997.67,133.4799
91604,2022-01-03,61,59,5,4,114.16,100.69,13.47
91605,2022-01-03,11,19,9,10,282.8,249.43,33.37
91606,2022-01-04,12,32,1,30,288.8999,278.7299,10.17
91606,2022-01-04,24,32,1,30,128.1,112.98,15.12
91606,2022-01-04,64,32,1,4,121.36,107.04,14.32
91607,2022-01-04,33,10,1,15,375.3,331.01,44.29
91607,2022-01-04,51,10,1,24,2461.2,2170.7799,290.4201
91608,2022-01-05,21,59,5,14,134.12,111.05,23.07
91608,2022-01-05,40,59,5,10,184,152.35,31.65
91608,2022-01-05,51,59,5,3,272.88,225.94,46.94
91609,2022-01-05,68,10,1,42,483.84,426.75,57.09
91610,2022-01-06,13,82,1,20,523.6,433.54,90.06
91610,2022-01-06,50,82,1,15,231.45,191.6399,39.8101
91610,2022-01-06,56,82,1,20,826.4,684.26,142.14
91611,2022-01-07,26,37,9,30,846.3,700.74,145.56
91611,2022-01-07,28,37,9,30,1445.7,1197.04,248.66
91611,2022-01-07,43,37,9,20,252.8,217.88,34.92
91611,2022-01-07,56,37,9,15,604.8,500.77,104.03
91611,2022-01-07,71,37,9,50,1502,1243.6599,258.3401
91612,2022-01-08,31,63,8,55,487.02,343.04,143.98
91612,2022-01-08,45,63,8,100,1084.45,763.8299,320.6201
91612,2022-01-08,51,63,8,48,5390.83,3797.02,1593.81
91613,2022-01-08,16,17,8,6,60.66,53.5,7.16
91613,2022-01-08,32,17,8,6,123.54,108.96,14.58
91613,2022-01-08,57,17,8,20,381.6,336.57,45.03
91614,2022-01-08,24,1,8,10,49.68,36.51,13.17
91615,2022-01-08,18,59,4,35,1068.9,842.83,226.07
91615,2022-01-08,32,59,4,20,411.2,392.0899,19.1101
91615,2022-01-08,64,59,4,25,1084.2,796.89,287.31
91616,2022-01-09,33,12,9,10,238.4,210.27,28.13
91616,2022-01-09,67,12,9,20,1090.6,961.91,128.69
91617,2022-01-09,24,35,9,15,67.35,59.4,7.95
91617,2022-01-09,25,35,9,15,189.3,166.96,22.34
91617,2022-01-09,51,35,9,20,1941.6,1712.49,229.11
91617,2022-01-09,57,35,9,20,387.4,341.69,45.71
91618,2022-01-10,70,53,2,3,86.1,75.94,10.16
91619,2022-01-10,21,6,7,3,30.9,27.25,3.65
91619,2022-01-10,60,6,7,21,115.08,101.5,13.58
91619,2022-01-10,61,6,7,4,107.88,95.1499,12.7301
91620,2022-01-11,1,19,2,18,389.88,336.86,53.02
91620,2022-01-11,17,19,2,15,369.3,319.08,50.22
91620,2022-01-11,43,19,2,15,193.5,167.18,26.32
91620,2022-01-11,60,19,2,21,95.76,87.5699,8.1901
91620,2022-01-11,75,19,2,6,49.32,42.61,6.71
91621,2022-01-11,60,27,6,4,19.84,17.5,2.34
91621,2022-01-11,77,27,6,10,131.1,115.63,15.47
91622,2022-01-11,60,32,1,15,79.05,69.72,9.33
91623,2022-01-11,34,37,3,30,241.8,213.27,28.53
91623,2022-01-11,40,37,3,40,878.24,704.19,174.05
91623,2022-01-11,41,37,3,30,317.4599,254.55,62.9099
91624,2022-01-12,35,127,3,10,55.9,49.3,6.6
91624,2022-01-12,63,127,3,40,854.4,753.58,100.82
91625,2022-01-12,16,89,9,3,28.08,24.77,3.31
91625,2022-01-12,19,89,9,42,412.02,363.4,48.62
91625,2022-01-12,34,89,9,35,265.65,234.3,31.35
91626,2022-01-13,72,44,8,2,25.6,22.5799,3.0201
91627,2022-01-14,35,38,3,10,54.3,46.92,7.38
91628,2022-01-14,31,1,7,16,155.76,122.27,33.49
91628,2022-01-14,72,1,7,40,551.3199,405.9699,145.35
91628,2022-01-14,77,1,7,20,275.2,222.91,52.29
91629,2022-01-16,39,7,4,60,3561,3076.7,484.3
91629,2022-01-16,72,7,4,20,239,206.5,32.5
91630,2022-01-17,21,25,8,60,556.2,490.57,65.63
91630,2022-01-17,75,25,8,49,373.87,329.75,44.12
91630,2022-01-17,77,25,8,15,198.15,174.7699,23.3801
91631,2022-01-18,16,42,1,30,313.17,263.65,49.52
91631,2022-01-18,62,42,1,14,416.4199,337.4899,78.93
91631,2022-01-18,72,42,1,16,182.88,161.3,21.58
91631,2022-01-18,75,42,1,20,172.04,137.94,34.1
91632,2022-01-18,41,17,8,9,84.06,74.14,9.92
91633,2022-01-19,1,86,7,15,334.82,251.55,83.27
91633,2022-01-19,23,86,7,25,230.75,199.37,31.38
91634,2022-01-19,1,1,8,2,38,33.52,4.48
91634,2022-01-19,59,1,8,10,88.5,78.06,10.44
91635,2022-01-19,28,62,3,8,431.11,330.64,100.47
91635,2022-01-19,43,62,3,36,464.09,355.94,108.15
91635,2022-01-19,77,62,3,28,447.26,343.0299,104.2301
91636,2022-01-20,35,75,1,20,117,94.77,22.23
91636,2022-01-20,51,75,1,6,630.9,511.03,119.87
91637,2022-01-21,1,82,1,21,444.15,391.74,52.41
91637,2022-01-21,18,82,1,4,123.45,87.11,36.34
91637,2022-01-21,23,82,1,8,91.2,64.35,26.85
91638,2022-01-21,39,80,1,20,1165.2,1075.3,89.9
91639,2022-01-21,11,58,8,10,289.3,261.8,27.5
91639,2022-01-21,24,58,8,20,92,81.14,10.86
91640,2022-01-22,28,12,9,8,397.2799,350.4,46.8799
91640,2022-01-22,34,12,9,20,154.2,136,18.2
91641,2022-01-22,16,73,3,14,142.88,120.02,22.86
91642,2022-01-25,6,81,2,6,23.82,21.01,2.81
91642,2022-01-25,39,81,2,28,1522.3599,1342.72,179.6399
91642,2022-01-25,60,81,2,30,159.3,140.5,18.8
91642,2022-01-25,68,81,2,24,316.08,298.9599,17.1201
91643,2022-01-25,1,44,8,40,854.22,655.15,199.07
91643,2022-01-25,2,44,8,20,463.91,355.8,108.11
91643,2022-01-25,16,44,8,30,302.22,236.51,65.71
91643,2022-01-25,31,44,8,20,169,149.06,19.94
91644,2022-01-26,1,58,7,12,259.8,224.47,35.33
91644,2022-01-26,29,58,7,4,521.3599,450.45,70.9099
91645,2022-01-27,7,56,8,20,892.76,715.8299,176.9301
91645,2022-01-27,31,56,8,9,87.42,71.43,15.99
91645,2022-01-27,53,56,8,9,600.63,481.6,119.03
91646,2022-01-27,1,87,7,10,215.05,180.1699,34.8801
91646,2022-01-27,13,87,7,20,558.8,448.06,110.74
91647,2022-01-27,18,27,6,8,214.88,189.52,25.36
91647,2022-01-27,51,27,6,10,929.8,820.08,109.72
91648,2022-01-28,56,79,8,20,763.2,673.14,90.06
91648,2022-01-28,63,79,8,12,217.68,191.99,25.69
91649,2022-01-28,2,32,1,8,161.6,142.53,19.07
91649,2022-01-28,41,32,1,40,416,366.9099,49.0901
91649,2022-01-28,50,32,1,22,347.82,306.7799,41.0401
91649,2022-01-28,64,32,1,130,4230.2,3731.04,499.16
91650,2022-01-29,1,60,5,15,316.65,262.19,54.46
91650,2022-01-29,21,60,5,21,236.78,161.47,75.31
91650,2022-01-29,39,60,5,20,1427.5,945.58,481.92
91651,2022-01-29,36,89,9,35,261.8,230.91,30.89
91651,2022-01-29,38,89,9,25,2139,1886.6,252.4
91651,2022-01-29,59,89,9,30,233.4,205.86,27.54
91652,2022-01-29,53,82,1,70,4261.95,3417.31,844.64
91652,2022-01-29,69,82,1,36,85.14,72,13.14
91653,2022-01-30,30,35,3,30,838.2,739.29,98.91
91653,2022-01-30,35,35,3,40,237.6,209.56,28.04
91653,2022-01-30,64,35,3,8,279.12,246.18,32.94
91654,2022-01-31,1,47,9,4,102.6,72.39,30.21
91654,2022-01-31,18,47,9,25,875,617.4,257.6
91654,2022-01-31,36,47,9,50,476.88,336.4799,140.4001
91655,2022-01-31,58,81,9,30,1593.57,1277.75,315.82
91655,2022-01-31,72,81,9,15,203.94,163.56,40.38
91656,2022-02-01,13,17,8,7,175.07,154.41,20.66
91656,2022-02-01,59,17,8,30,247.8,218.56,29.24
91657,2022-02-03,21,32,1,20,209.2,184.51,24.69
91658,2022-02-03,6,9,5,20,95.5,69.45,26.05
91658,2022-02-03,14,9,5,20,623.25,439.77,183.48
91658,2022-02-03,19,9,5,10,122.25,86.26,35.99
91659,2022-02-04,62,91,8,12,316.8,279.4199,37.3801
91660,2022-02-05,1,1,7,20,411.6,345.74,65.86
91661,2022-02-07,62,38,9,2,56.52,45.78,10.74
91661,2022-02-07,72,38,9,10,118,95.58,22.42
91662,2022-02-07,7,1,8,12,485.64,428.33,57.31
91662,2022-02-07,16,1,8,15,148.2,130.7099,17.4901
91662,2022-02-07,41,1,8,5,50.4499,44.5,5.9499
91663,2022-02-07,1,30,5,10,219.3,197.02,22.28
91663,2022-02-07,17,30,5,12,298.32,263.12,35.2
91663,2022-02-07,67,30,5,15,935.85,845.65,90.2
91664,2022-02-07,7,32,1,18,750.24,661.71,88.53
91664,2022-02-07,12,32,1,20,209,184.34,24.66
91664,2022-02-07,24,32,1,80,329.6,290.7099,38.8901
91664,2022-02-07,27,32,1,30,1213.5,1070.31,143.19
91664,2022-02-07,31,32,1,24,207.6,183.18,24.42
91664,2022-02-07,63,32,1,35,697.2,614.9299,82.2701
91665,2022-02-08,43,34,3,30,429.12,315.3999,113.7201
91665,2022-02-08,61,34,3,10,335.04,251.58,83.46
91666,2022-02-10,13,19,9,30,812.4,716.54,95.86
91666,2022-02-10,17,19,9,12,321.6,283.65,37.95
91666,2022-02-10,60,19,9,35,181.65,160.22,21.43
91667,2022-02-11,16,56,7,30,309.01,238.38,70.63
91667,2022-02-11,23,56,7,20,197.82,152.6,45.22
91667,2022-02-11,62,56,7,20,562.8,434.16,128.64
91667,2022-02-11,77,56,7,10,143.01,110.32,32.69
91668,2022-02-11,17,89,3,42,1066.3799,940.55,125.8299
91668,2022-02-11,18,89,3,20,476.6,420.36,56.24
91668,2022-02-11,21,89,3,40,367.6,324.22,43.38
91668,2022-02-11,33,89,3,35,920.85,812.19,108.66
91668,2022-02-11,62,89,3,3,88.05,77.66,10.39
91669,2022-02-11,16,33,3,55,552.75,487.53,65.22
91669,2022-02-11,24,33,3,20,92.8,81.85,10.95
91669,2022-02-11,36,33,3,40,350,315.85,34.15
91670,2022-02-11,16,37,9,36,371.45,297.83,73.62
91670,2022-02-11,18,37,9,8,245.26,196.65,48.61
91670,2022-02-11,32,37,9,35,790.4,633.76,156.64
91671,2022-02-11,53,59,5,10,738.48,542.78,195.7
91671,2022-02-11,70,59,5,12,398.5899,292.97,105.6199
91672,2022-02-11,14,77,1,100,2415,2028.6,386.4
91673,2022-02-12,17,1,7,77,2277.58,1826.21,451.37
91673,2022-02-12,41,1,7,12,122.76,108.27,14.49
91673,2022-02-12,53,1,7,25,1683.28,1349.6799,333.6001
91673,2022-02-12,55,1,7,4,174.94,140.2699,34.6701
91673,2022-02-12,68,1,7,55,627.5499,553.5,74.0499
91674,2022-02-14,7,75,1,10,433.56,299.16,134.4
91674,2022-02-14,60,75,1,20,119.76,82.63,37.13
91674,2022-02-14,68,75,1,8,131.04,90.42,40.62
91675,2022-02-17,6,63,8,50,197.4,165.82,31.58
91675,2022-02-17,16,63,8,12,121.34,101.92,19.42
91675,2022-02-17,17,63,8,16,404.21,339.5299,64.6801
91676,2022-02-18,21,32,1,20,205.4,181.16,24.24
91676,2022-02-18,28,32,1,3,134.6399,118.75,15.8899
91677,2022-02-18,19,5,9,25,213.75,188.53,25.22
91677,2022-02-18,47,5,9,21,564.1,452.31,111.79
91677,2022-02-18,49,5,9,15,324.3,286.0299,38.2701
91678,2022-02-18,4,37,3,25,637.19,449.6,187.59
91678,2022-02-18,24,37,3,30,162.75,114.84,47.91
91678,2022-02-18,77,37,3,30,372.6,328.63,43.97
91679,2022-02-19,43,12,2,7,79.59,64.47,15.12
91679,2022-02-19,75,12,2,20,145.6,117.94,27.66
91680,2022-02-19,1,32,1,8,175.52,154.81,20.71
91680,2022-02-19,29,32,1,2,327.88,231.35,96.53
91681,2022-02-23,49,66,6,28,551.88,486.76,65.12
91682,2022-02-24,2,68,6,20,342.4,283.51,58.89
91682,2022-02-24,16,68,6,35,320.95,265.75,55.2
91682,2022-02-24,36,68,6,25,194.25,160.84,33.41
91682,2022-02-24,59,68,6,30,234.9,198.2399,36.6601
91683,2022-02-25,46,64,3,3,34.05,30.03,4.02
91683,2022-02-25,49,64,3,2,43.54,39.17,4.37
91684,2022-02-26,12,44,7,15,181.88,117.86,64.02
91684,2022-02-26,31,44,7,20,178.2,144.34,33.86
91684,2022-02-26,33,44,7,30,692.4,560.8399,131.5601
91684,2022-02-26,60,44,7,35,213.06,138.06,75
91685,2022-03-01,16,47,3,28,314.9199,241.53,73.3899
91685,2022-03-01,31,47,3,25,242.07,185.66,56.41
91685,2022-03-01,45,47,3,30,262.8,231.79,31.01
91685,2022-03-01,60,47,3,24,151.25,116,35.25
91686,2022-03-02,5,54,3,20,123.4,108.84,14.56
91686,2022-03-02,7,54,3,6,229.02,202,27.02
91686,2022-03-02,72,54,3,5,58.25,51.3799,6.8701
91687,2022-03-03,25,47,9,6,110.81,81.44,29.37
91687,2022-03-03,39,47,9,10,650.52,478.13,172.39
91688,2022-03-06,1,80,1,80,1746.24,1302.45,443.79
91688,2022-03-06,19,80,1,12,140.83,103.51,37.32
91688,2022-03-06,37,80,1,60,285.12,209.56,75.56
91688,2022-03-06,45,80,1,36,378,277.83,100.17
91688,2022-03-06,60,80,1,45,279.18,205.2,73.98
91688,2022-03-06,71,80,1,55,1937.1,1518.72,418.38
91689,2022-03-07,12,23,6,20,195.72,164.4,31.32
91689,2022-03-07,32,23,6,15,328.39,275.85,52.54
91689,2022-03-07,35,23,6,18,119.26,100.1799,19.0801
91690,2022-03-09,26,35,3,21,710.39,505.04,205.35
91690,2022-03-09,44,35,3,10,713.9,578.26,135.64
91690,2022-03-09,64,35,3,35,1524.1799,1028.82,495.3599
91690,2022-03-09,69,35,3,24,60.77,41.02,19.75
91691,2022-03-10,34,79,7,10,109.13,70.7099,38.4201
91691,2022-03-10,41,79,7,14,146.72,118.84,27.88
91692,2022-03-10,13,39,9,20,532.91,375.35,157.56
91692,2022-03-10,24,39,9,20,105.11,74.03,31.08
91692,2022-03-10,59,39,9,25,227.25,184.07,43.18
91693,2022-03-11,16,32,1,50,459,444.45,14.55
91693,2022-03-11,31,32,1,14,119.28,105.21,14.07
91693,2022-03-11,56,32,1,24,910.8,803.3299,107.4701
91693,2022-03-11,65,32,1,15,164.22,125.95,38.27
91694,2022-03-13,18,80,1,12,328.56,283.88,44.68
91694,2022-03-13,24,80,1,10,41.1,35.51,5.59
91694,2022-03-13,63,80,1,5,105.3,90.98,14.32
91694,2022-03-13,75,80,1,6,45.6,39.4,6.2
91695,2022-03-15,40,27,6,1,20.11,17.41,2.7
91696,2022-03-15,7,19,3,60,2467.2,2176.07,291.13
91696,2022-03-15,43,19,3,6,78.42,69.1699,9.2501
91696,2022-03-15,72,19,3,20,249.4,219.97,29.43
91697,2022-03-17,19,47,3,15,141.9,114.94,26.96
91697,2022-03-17,23,47,3,18,178.2,144.34,33.86
91697,2022-03-17,40,47,3,30,523.8,424.28,99.52
91698,2022-03-17,35,4,3,4,25.2799,22.3,2.9799
91698,2022-03-17,67,4,3,15,972.15,857.44,114.71
91699,2022-03-17,38,63,8,60,5111.82,4293.9299,817.8901
91699,2022-03-17,39,63,8,80,5286.96,4441.05,845.91
91700,2022-03-18,11,4,2,12,343.44,284.37,59.07
91700,2022-03-18,42,4,2,10,140.4,116.25,24.15
91700,2022-03-18,72,4,2,5,63.55,52.62,10.93
91701,2022-03-20,38,32,1,30,2774.2,2140.1,634.1
91701,2022-03-20,62,32,1,20,622.4399,480.17,142.2699
91702,2022-03-20,26,39,3,40,1378.1599,970.7,407.4599
91702,2022-03-20,38,39,3,30,2451.9,1986.04,465.86
91702,2022-03-20,40,39,3,60,1247.52,878.69,368.83
91702,2022-03-20,62,39,3,25,777.69,547.76,229.93
91703,2022-03-21,32,49,6,20,410.4,365.83,44.57
91703,2022-03-21,41,49,6,20,206,166.86,39.14
91704,2022-03-21,56,65,3,30,1200.6,972.49,228.11
91705,2022-03-22,41,34,2,10,95.9,79.41,16.49
91705,2022-03-22,51,34,2,35,3931.22,2830.48,1100.74
91705,2022-03-22,65,34,2,15,163.36,117.62,45.74
91706,2022-03-22,62,82,1,3,88.29,76.78,11.51
91706,2022-03-22,70,82,1,6,180.78,146.43,34.35
91707,2022-03-23,26,17,8,12,342.6,302.17,40.43
91707,2022-03-23,53,17,8,20,1328.8,1172,156.8
91708,2022-03-23,16,67,3,30,375.38,264.86,110.52
91708,2022-03-23,18,67,3,25,644.5,568.4499,76.0501
91709,2022-03-24,31,34,3,20,165.6,140.57,25.03
91709,2022-03-24,39,34,3,42,2433.9,2015.27,418.63
91709,2022-03-24,49,34,3,40,796.4,659.42,136.98
91710,2022-03-26,21,19,9,40,415.8,349.27,66.53
91710,2022-03-26,56,19,9,21,908.02,762.74,145.28
91710,2022-03-26,65,19,9,12,115.04,96.63,18.41
91711,2022-03-26,13,32,1,20,543.4,479.28,64.12
91711,2022-03-26,31,32,1,10,79,69.6799,9.3201
91712,2022-03-27,12,48,1,20,194.2,171.28,22.92
91712,2022-03-27,18,48,1,10,275.6,243.08,32.52
91712,2022-03-27,56,48,1,5,180.1,158.85,21.25
91713,2022-03-28,19,32,1,2,20.18,17.8,2.38
91713,2022-03-28,35,32,1,8,45.12,39.8,5.32
91713,2022-03-28,38,32,1,8,686.8,605.76,81.04
91713,2022-03-28,43,32,1,9,113.94,109.1,4.84
91714,2022-03-29,70,17,7,7,212.52,172.1399,40.3801
91714,2022-03-29,72,17,7,1,11.58,9.38,2.2
91715,2022-03-29,29,81,3,8,1124.09,968.05,156.04
91715,2022-03-29,30,81,3,20,511.77,458.82,52.95
91716,2022-03-30,22,42,1,52,184.08,162.36,21.72
91716,2022-03-30,35,42,1,6,38.28,35.1,3.18
91716,2022-03-30,57,42,1,24,462.48,407.9099,54.5701
91716,2022-03-30,60,42,1,60,279.6,246.61,32.99
91716,2022-03-30,64,42,1,30,948.9,836.9299,111.9701
91717,2022-03-31,2,17,7,50,1201.2,828.8299,372.3701
91717,2022-03-31,5,17,7,65,478.14,344.26,133.88
91717,2022-03-31,32,17,7,6,139.32,100.31,39.01
